Date,4 WEEKS BANK DISCOUNT,4 WEEKS COUPON EQUIVALENT,8 WEEKS BANK DISCOUNT,8 WEEKS COUPON EQUIVALENT,13 WEEKS BANK DISCOUNT,13 WEEKS COUPON EQUIVALENT,26 WEEKS BANK DISCOUNT,26 WEEKS COUPON EQUIVALENT,52 WEEKS BANK DISCOUNT,52 WEEKS COUPON EQUIVALENT
03/11/2022,0.17,0.17,0.28,0.28,0.39,0.40,0.75,0.76,1.15,1.18
03/10/2022,0.19,0.19,0.28,0.28,0.38,0.39,0.73,0.74,1.13,1.16
03/09/2022,0.17,0.17,0.23,0.23,0.38,0.39,0.73,0.74,1.10,1.12
03/08/2022,0.15,0.15,0.22,0.22,0.36,0.37,0.70,0.71,1.07,1.09
03/07/2022,0.17,0.17,0.21,0.21,0.38,0.39,0.73,0.74,1.03,1.05
03/04/2022,0.15,0.15,0.21,0.21,0.33,0.33,0.66,0.67,1.02,1.04
03/03/2022,0.19,0.19,0.25,0.25,0.37,0.38,0.67,0.68,1.05,1.07
03/02/2022,0.12,0.12,0.21,0.21,0.33,0.33,0.66,0.67,1.03,1.05
03/01/2022,0.10,0.10,0.19,0.19,0.32,0.32,0.59,0.60,0.88,0.90
02/28/2022,0.06,0.06,0.19,0.19,0.37,0.38,0.68,0.69,0.98,1.00
02/25/2022,0.03,0.03,0.20,0.20,0.33,0.33,0.71,0.72,1.11,1.13
02/24/2022,0.05,0.05,0.19,0.19,0.33,0.33,0.64,0.65,1.06,1.08
02/23/2022,0.02,0.02,0.18,0.18,0.36,0.37,0.74,0.75,1.14,1.17
02/22/2022,0.03,0.03,0.18,0.18,0.39,0.40,0.74,0.75,1.15,1.18
02/18/2022,0.03,0.03,0.20,0.20,0.35,0.36,0.65,0.66,0.97,0.99
02/17/2022,0.06,0.06,0.24,0.24,0.37,0.38,0.65,0.66,0.99,1.01
02/16/2022,0.03,0.03,0.14,0.14,0.39,0.40,0.67,0.68,1.04,1.06
02/15/2022,0.02,0.02,0.17,0.17,0.41,0.42,0.72,0.73,1.05,1.07
02/14/2022,0.03,0.03,0.24,0.24,0.45,0.46,0.77,0.78,1.08,1.10
02/11/2022,0.03,0.03,0.23,0.23,0.37,0.38,0.70,0.71,1.03,1.05
02/10/2022,0.05,0.05,0.32,0.32,0.41,0.42,0.74,0.75,1.09,1.11
02/09/2022,0.03,0.03,0.13,0.13,0.27,0.27,0.57,0.58,0.87,0.89
02/08/2022,0.03,0.03,0.12,0.12,0.27,0.27,0.59,0.60,0.87,0.89
02/07/2022,0.03,0.03,0.13,0.13,0.28,0.28,0.59,0.60,0.85,0.87
02/04/2022,0.05,0.05,0.13,0.13,0.23,0.23,0.55,0.56,0.86,0.88
02/03/2022,0.03,0.03,0.16,0.16,0.21,0.21,0.48,0.49,0.75,0.76
02/02/2022,0.04,0.04,0.09,0.09,0.20,0.20,0.45,0.46,0.74,0.75
02/01/2022,0.04,0.04,0.09,0.09,0.20,0.20,0.48,0.49,0.76,0.77
01/31/2022,0.03,0.03,0.13,0.13,0.24,0.24,0.49,0.50,0.76,0.77
01/28/2022,0.04,0.04,0.11,0.11,0.19,0.19,0.43,0.44,0.74,0.75
01/27/2022,0.04,0.04,0.14,0.14,0.20,0.20,0.43,0.44,0.74,0.75
01/26/2022,0.05,0.05,0.10,0.10,0.19,0.19,0.40,0.41,0.69,0.70
01/25/2022,0.05,0.05,0.08,0.08,0.20,0.20,0.39,0.40,0.64,0.65
01/24/2022,0.05,0.05,0.09,0.09,0.20,0.20,0.39,0.40,0.55,0.56
01/21/2022,0.05,0.05,0.08,0.08,0.17,0.17,0.35,0.36,0.54,0.55
01/20/2022,0.05,0.05,0.09,0.09,0.18,0.18,0.36,0.37,0.56,0.57
01/19/2022,0.05,0.05,0.05,0.05,0.17,0.17,0.36,0.37,0.53,0.54
01/18/2022,0.05,0.05,0.06,0.06,0.17,0.17,0.37,0.38,0.55,0.56
01/14/2022,0.05,0.05,0.06,0.06,0.13,0.13,0.30,0.30,0.48,0.49
01/13/2022,0.05,0.05,0.05,0.05,0.12,0.12,0.28,0.28,0.45,0.46
01/12/2022,0.04,0.04,0.05,0.05,0.12,0.12,0.28,0.28,0.45,0.46
01/11/2022,0.04,0.04,0.05,0.05,0.12,0.12,0.28,0.28,0.44,0.45
01/10/2022,0.05,0.05,0.06,0.06,0.13,0.13,0.29,0.29,0.44,0.45
01/07/2022,0.05,0.05,0.06,0.06,0.10,0.10,0.24,0.24,0.41,0.42
01/06/2022,0.04,0.04,0.06,0.06,0.10,0.10,0.23,0.23,0.43,0.44
01/05/2022,0.05,0.05,0.05,0.05,0.09,0.09,0.23,0.23,0.40,0.41
01/04/2022,0.06,0.06,0.05,0.05,0.08,0.08,0.23,0.23,0.37,0.38
01/03/2022,0.05,0.05,0.06,0.06,0.09,0.09,0.22,0.22,0.39,0.40
12/31/2021,0.06,0.06,0.05,0.05,0.06,0.06,0.19,0.19,0.38,0.39
12/30/2021,0.06,0.06,0.06,0.06,0.05,0.05,0.19,0.19,0.37,0.38
12/29/2021,0.01,0.01,0.02,0.02,0.05,0.05,0.19,0.19,0.38,0.39
12/28/2021,0.03,0.03,0.04,0.04,0.06,0.06,0.20,0.20,0.38,0.39
12/27/2021,0.04,0.04,0.05,0.05,0.06,0.06,0.21,0.21,0.30,0.30
12/23/2021,0.04,0.04,0.05,0.05,0.08,0.08,0.18,0.18,0.28,0.28
12/22/2021,0.03,0.03,0.04,0.04,0.08,0.08,0.16,0.16,0.26,0.26
12/21/2021,0.03,0.03,0.04,0.04,0.07,0.07,0.16,0.16,0.26,0.26
12/20/2021,0.03,0.03,0.05,0.05,0.07,0.07,0.16,0.16,0.25,0.25
12/17/2021,0.03,0.03,0.04,0.04,0.05,0.05,0.13,0.13,0.25,0.25
12/16/2021,0.04,0.04,0.06,0.06,0.05,0.05,0.13,0.13,0.25,0.25
12/15/2021,0.03,0.03,0.05,0.05,0.06,0.06,0.13,0.13,0.27,0.27
12/14/2021,0.01,0.01,0.05,0.05,0.05,0.05,0.13,0.13,0.25,0.25
12/13/2021,0.01,0.01,0.05,0.05,0.05,0.05,0.11,0.11,0.25,0.25
12/10/2021,0.03,0.03,0.06,0.06,0.06,0.06,0.13,0.13,0.26,0.26
12/09/2021,0.03,0.03,0.06,0.06,0.06,0.06,0.12,0.12,0.26,0.26
12/08/2021,0.04,0.04,0.05,0.05,0.07,0.07,0.13,0.13,0.28,0.28
12/07/2021,0.05,0.05,0.06,0.06,0.06,0.06,0.15,0.15,0.30,0.30
12/06/2021,0.05,0.05,0.05,0.05,0.06,0.06,0.13,0.13,0.27,0.27
12/03/2021,0.04,0.04,0.05,0.05,0.06,0.06,0.09,0.09,0.25,0.25
12/02/2021,0.05,0.05,0.05,0.05,0.05,0.05,0.09,0.09,0.26,0.26
12/01/2021,0.10,0.10,0.04,0.04,0.06,0.06,0.10,0.10,0.25,0.25
11/30/2021,0.11,0.11,0.05,0.05,0.05,0.05,0.10,0.10,0.24,0.24
11/29/2021,0.07,0.07,0.04,0.04,0.06,0.06,0.10,0.10,0.19,0.19
11/26/2021,0.11,0.11,0.04,0.04,0.06,0.06,0.10,0.10,0.18,0.18
11/24/2021,0.14,0.14,0.05,0.05,0.06,0.06,0.10,0.10,0.22,0.22
11/23/2021,0.06,0.06,0.04,0.04,0.06,0.06,0.07,0.07,0.19,0.19
11/22/2021,0.07,0.07,0.03,0.03,0.05,0.05,0.07,0.07,0.18,0.18
11/19/2021,0.11,0.11,0.04,0.04,0.05,0.05,0.06,0.06,0.16,0.16
11/18/2021,0.12,0.12,0.05,0.05,0.05,0.05,0.06,0.06,0.16,0.16
11/17/2021,0.06,0.06,0.05,0.05,0.05,0.05,0.06,0.06,0.16,0.16
11/16/2021,0.06,0.06,0.06,0.06,0.05,0.05,0.07,0.07,0.16,0.16
11/15/2021,0.06,0.06,0.06,0.06,0.05,0.05,0.06,0.06,0.17,0.17
11/12/2021,0.05,0.05,0.05,0.05,0.05,0.05,0.07,0.07,0.16,0.16
11/10/2021,0.06,0.06,0.06,0.06,0.05,0.05,0.07,0.07,0.16,0.16
11/09/2021,0.04,0.04,0.05,0.05,0.04,0.04,0.06,0.06,0.13,0.13
11/08/2021,0.04,0.04,0.06,0.06,0.06,0.06,0.07,0.07,0.15,0.15
11/05/2021,0.05,0.05,0.06,0.06,0.05,0.05,0.07,0.07,0.14,0.14
11/04/2021,0.05,0.05,0.05,0.05,0.04,0.04,0.07,0.07,0.14,0.14
11/03/2021,0.05,0.05,0.07,0.07,0.05,0.05,0.07,0.07,0.17,0.17
11/02/2021,0.05,0.05,0.06,0.06,0.05,0.05,0.07,0.07,0.15,0.15
11/01/2021,0.05,0.05,0.09,0.09,0.05,0.05,0.06,0.06,0.13,0.13
10/29/2021,0.06,0.06,0.08,0.08,0.05,0.05,0.07,0.07,0.13,0.13
10/28/2021,0.06,0.06,0.10,0.10,0.06,0.06,0.06,0.06,0.13,0.13
10/27/2021,0.06,0.06,0.07,0.07,0.06,0.06,0.07,0.07,0.11,0.11
10/26/2021,0.06,0.06,0.08,0.08,0.06,0.06,0.06,0.06,0.12,0.12
10/25/2021,0.06,0.06,0.10,0.10,0.06,0.06,0.06,0.06,0.12,0.12
10/22/2021,0.05,0.05,0.09,0.09,0.06,0.06,0.07,0.07,0.12,0.12
10/21/2021,0.06,0.06,0.08,0.08,0.06,0.06,0.06,0.06,0.11,0.11
10/20/2021,0.05,0.05,0.07,0.07,0.05,0.05,0.06,0.06,0.09,0.09
10/19/2021,0.05,0.05,0.09,0.09,0.05,0.05,0.06,0.06,0.10,0.10
10/18/2021,0.04,0.04,0.09,0.09,0.06,0.06,0.06,0.06,0.10,0.10
10/15/2021,0.04,0.04,0.08,0.08,0.05,0.05,0.06,0.06,0.11,0.11
10/14/2021,0.05,0.05,0.08,0.08,0.05,0.05,0.06,0.06,0.09,0.09
10/13/2021,0.02,0.02,0.06,0.06,0.05,0.05,0.06,0.06,0.10,0.10
10/12/2021,0.02,0.02,0.07,0.07,0.06,0.06,0.06,0.06,0.10,0.10
10/08/2021,0.02,0.02,0.07,0.07,0.05,0.05,0.07,0.07,0.09,0.09
10/07/2021,0.03,0.03,0.09,0.09,0.05,0.05,0.06,0.06,0.10,0.10
10/06/2021,0.06,0.06,0.04,0.04,0.04,0.04,0.06,0.06,0.10,0.10
10/05/2021,0.11,0.11,0.04,0.04,0.04,0.04,0.06,0.06,0.09,0.09
10/04/2021,0.10,0.10,0.04,0.04,0.04,0.04,0.06,0.06,0.08,0.08
10/01/2021,0.08,0.08,0.04,0.04,0.04,0.04,0.05,0.05,0.08,0.08
09/30/2021,0.07,0.07,0.05,0.05,0.04,0.04,0.05,0.05,0.08,0.08
09/29/2021,0.05,0.05,0.04,0.04,0.04,0.04,0.05,0.05,0.08,0.08
09/28/2021,0.07,0.07,0.04,0.04,0.04,0.04,0.06,0.06,0.08,0.08
09/27/2021,0.06,0.06,0.03,0.03,0.04,0.04,0.05,0.05,0.08,0.08
09/24/2021,0.06,0.06,0.04,0.04,0.03,0.03,0.05,0.05,0.07,0.07
09/23/2021,0.05,0.05,0.04,0.04,0.03,0.03,0.04,0.04,0.07,0.07
09/22/2021,0.04,0.04,0.04,0.04,0.03,0.03,0.05,0.05,0.08,0.08
09/21/2021,0.05,0.05,0.04,0.04,0.03,0.03,0.04,0.04,0.07,0.07
09/20/2021,0.06,0.06,0.05,0.05,0.04,0.04,0.05,0.05,0.07,0.07
09/17/2021,0.06,0.06,0.06,0.06,0.04,0.04,0.05,0.05,0.07,0.07
09/16/2021,0.06,0.06,0.06,0.06,0.04,0.04,0.05,0.05,0.07,0.07
09/15/2021,0.04,0.04,0.06,0.06,0.04,0.04,0.05,0.05,0.07,0.07
09/14/2021,0.05,0.05,0.06,0.06,0.04,0.04,0.05,0.05,0.07,0.07
09/13/2021,0.06,0.06,0.08,0.08,0.06,0.06,0.06,0.06,0.07,0.07
09/10/2021,0.06,0.06,0.06,0.06,0.05,0.05,0.06,0.06,0.08,0.08
09/09/2021,0.07,0.07,0.06,0.06,0.04,0.04,0.05,0.05,0.07,0.07
09/08/2021,0.05,0.05,0.06,0.06,0.05,0.05,0.06,0.06,0.08,0.08
09/07/2021,0.04,0.04,0.07,0.07,0.05,0.05,0.06,0.06,0.08,0.08
09/03/2021,0.04,0.04,0.07,0.07,0.05,0.05,0.05,0.05,0.07,0.07
09/02/2021,0.05,0.05,0.07,0.07,0.05,0.05,0.06,0.06,0.07,0.07
09/01/2021,0.04,0.04,0.06,0.06,0.05,0.05,0.06,0.06,0.07,0.07
08/31/2021,0.03,0.03,0.05,0.05,0.04,0.04,0.06,0.06,0.07,0.07
08/30/2021,0.04,0.04,0.07,0.07,0.05,0.05,0.05,0.05,0.07,0.07
08/27/2021,0.04,0.04,0.06,0.06,0.05,0.05,0.05,0.05,0.07,0.07
08/26/2021,0.04,0.04,0.06,0.06,0.05,0.05,0.06,0.06,0.06,0.06
08/25/2021,0.04,0.04,0.05,0.05,0.06,0.06,0.06,0.06,0.07,0.07
08/24/2021,0.03,0.03,0.05,0.05,0.05,0.05,0.05,0.05,0.06,0.06
08/23/2021,0.04,0.04,0.05,0.05,0.05,0.05,0.06,0.06,0.07,0.07
08/20/2021,0.04,0.04,0.05,0.05,0.05,0.05,0.05,0.05,0.06,0.06
08/19/2021,0.04,0.04,0.05,0.05,0.06,0.06,0.05,0.05,0.06,0.06
08/18/2021,0.03,0.03,0.05,0.05,0.07,0.07,0.05,0.05,0.07,0.07
08/17/2021,0.03,0.03,0.05,0.05,0.07,0.07,0.06,0.06,0.07,0.07
08/16/2021,0.04,0.04,0.05,0.05,0.06,0.06,0.05,0.05,0.08,0.08
08/13/2021,0.04,0.04,0.05,0.05,0.06,0.06,0.05,0.05,0.08,0.08
08/12/2021,0.05,0.05,0.06,0.06,0.06,0.06,0.06,0.06,0.09,0.09
08/11/2021,0.05,0.05,0.05,0.05,0.05,0.05,0.06,0.06,0.08,0.08
08/10/2021,0.05,0.05,0.05,0.05,0.05,0.05,0.05,0.05,0.08,0.08
08/09/2021,0.04,0.04,0.05,0.05,0.06,0.06,0.06,0.06,0.07,0.07
08/06/2021,0.04,0.04,0.05,0.05,0.06,0.06,0.06,0.06,0.08,0.08
08/05/2021,0.05,0.05,0.05,0.05,0.05,0.05,0.06,0.06,0.08,0.08
08/04/2021,0.05,0.05,0.05,0.05,0.05,0.05,0.05,0.05,0.07,0.07
08/03/2021,0.05,0.05,0.05,0.05,0.05,0.05,0.06,0.06,0.07,0.07
08/02/2021,0.05,0.05,0.05,0.05,0.05,0.05,0.06,0.06,0.07,0.07
07/30/2021,0.05,0.05,0.05,0.05,0.06,0.06,0.05,0.05,0.07,0.07
07/29/2021,0.05,0.05,0.05,0.05,0.06,0.06,0.05,0.05,0.07,0.07
07/28/2021,0.04,0.04,0.05,0.05,0.05,0.05,0.05,0.05,0.07,0.07
07/27/2021,0.04,0.04,0.05,0.05,0.05,0.05,0.05,0.05,0.07,0.07
07/26/2021,0.05,0.05,0.05,0.05,0.05,0.05,0.06,0.06,0.08,0.08
07/23/2021,0.05,0.05,0.05,0.05,0.05,0.05,0.05,0.05,0.07,0.07
07/22/2021,0.04,0.04,0.04,0.04,0.05,0.05,0.05,0.05,0.07,0.07
07/21/2021,0.04,0.04,0.04,0.04,0.05,0.05,0.05,0.05,0.07,0.07
07/20/2021,0.05,0.05,0.05,0.05,0.05,0.05,0.06,0.06,0.08,0.08
07/19/2021,0.05,0.05,0.05,0.05,0.05,0.05,0.06,0.06,0.07,0.07
07/16/2021,0.05,0.05,0.05,0.05,0.05,0.05,0.05,0.05,0.08,0.08
07/15/2021,0.05,0.05,0.05,0.05,0.05,0.05,0.05,0.05,0.07,0.07
07/14/2021,0.06,0.06,0.05,0.05,0.06,0.06,0.05,0.05,0.08,0.08
07/13/2021,0.05,0.05,0.05,0.05,0.05,0.05,0.06,0.06,0.08,0.08
07/12/2021,0.05,0.05,0.05,0.05,0.05,0.05,0.06,0.06,0.07,0.07
07/09/2021,0.06,0.06,0.05,0.05,0.06,0.06,0.05,0.05,0.07,0.07
07/08/2021,0.06,0.06,0.05,0.05,0.06,0.06,0.06,0.06,0.07,0.07
07/07/2021,0.05,0.05,0.05,0.05,0.05,0.05,0.05,0.05,0.07,0.07
07/06/2021,0.05,0.05,0.05,0.05,0.05,0.05,0.06,0.06,0.07,0.07
07/02/2021,0.05,0.05,0.05,0.05,0.05,0.05,0.05,0.05,0.07,0.07
07/01/2021,0.05,0.05,0.05,0.05,0.05,0.05,0.05,0.05,0.08,0.08
06/30/2021,0.05,0.05,0.05,0.05,0.05,0.05,0.06,0.06,0.07,0.07
06/29/2021,0.04,0.04,0.04,0.04,0.04,0.04,0.06,0.06,0.07,0.07
06/28/2021,0.04,0.04,0.05,0.05,0.05,0.05,0.06,0.06,0.08,0.08
06/25/2021,0.05,0.05,0.05,0.05,0.06,0.06,0.06,0.06,0.08,0.08
06/24/2021,0.05,0.05,0.05,0.05,0.05,0.05,0.05,0.05,0.08,0.08
06/23/2021,0.04,0.04,0.04,0.04,0.05,0.05,0.05,0.05,0.08,0.08
06/22/2021,0.04,0.04,0.05,0.05,0.04,0.04,0.06,0.06,0.09,0.09
06/21/2021,0.04,0.04,0.04,0.04,0.05,0.05,0.06,0.06,0.09,0.09
06/18/2021,0.05,0.05,0.05,0.05,0.05,0.05,0.06,0.06,0.09,0.09
06/17/2021,0.05,0.05,0.04,0.04,0.04,0.04,0.06,0.06,0.08,0.08
06/16/2021,0.04,0.04,0.04,0.04,0.04,0.04,0.06,0.06,0.08,0.08
06/15/2021,0.02,0.02,0.02,0.02,0.03,0.03,0.05,0.05,0.08,0.08
06/14/2021,0.01,0.01,0.02,0.02,0.03,0.03,0.05,0.05,0.05,0.05
06/11/2021,0.01,0.01,0.02,0.02,0.03,0.03,0.04,0.04,0.05,0.05
06/10/2021,0.01,0.01,0.02,0.02,0.03,0.03,0.04,0.04,0.05,0.05
06/09/2021,0.01,0.01,0.02,0.02,0.03,0.03,0.04,0.04,0.05,0.05
06/08/2021,0.01,0.01,0.02,0.02,0.02,0.02,0.04,0.04,0.05,0.05
06/07/2021,0.01,0.01,0.02,0.02,0.02,0.02,0.04,0.04,0.05,0.05
06/04/2021,0.01,0.01,0.02,0.02,0.02,0.02,0.04,0.04,0.05,0.05
06/03/2021,0.00,0.00,0.01,0.01,0.02,0.02,0.04,0.04,0.04,0.04
06/02/2021,0.01,0.01,0.01,0.01,0.02,0.02,0.04,0.04,0.05,0.05
06/01/2021,0.01,0.01,0.01,0.01,0.02,0.02,0.04,0.04,0.04,0.04
05/28/2021,0.01,0.01,0.01,0.01,0.01,0.01,0.03,0.03,0.05,0.05
05/27/2021,0.00,0.00,0.01,0.01,0.02,0.02,0.04,0.04,0.04,0.04
05/26/2021,0.00,0.00,0.00,0.00,0.02,0.02,0.04,0.04,0.04,0.04
05/25/2021,0.01,0.01,0.01,0.01,0.02,0.02,0.04,0.04,0.04,0.04
05/24/2021,0.01,0.01,0.01,0.01,0.02,0.02,0.03,0.03,0.04,0.04
05/21/2021,0.00,0.00,0.01,0.01,0.01,0.01,0.02,0.02,0.04,0.04
05/20/2021,0.01,0.01,0.01,0.01,0.01,0.01,0.03,0.03,0.05,0.05
05/19/2021,0.00,0.00,0.01,0.01,0.01,0.01,0.03,0.03,0.05,0.05
05/18/2021,0.00,0.00,0.01,0.01,0.02,0.02,0.03,0.03,0.06,0.06
05/17/2021,0.00,0.00,0.01,0.01,0.02,0.02,0.04,0.04,0.05,0.05
05/14/2021,0.01,0.01,0.01,0.01,0.01,0.01,0.03,0.03,0.05,0.05
05/13/2021,0.00,0.00,0.01,0.01,0.02,0.02,0.03,0.03,0.05,0.05
05/12/2021,0.01,0.01,0.02,0.02,0.02,0.02,0.04,0.04,0.05,0.05
05/11/2021,0.01,0.01,0.01,0.01,0.01,0.01,0.04,0.04,0.05,0.05
05/10/2021,0.02,0.02,0.01,0.01,0.02,0.02,0.04,0.04,0.05,0.05
05/07/2021,0.01,0.01,0.01,0.01,0.02,0.02,0.04,0.04,0.05,0.05
05/06/2021,0.01,0.01,0.02,0.02,0.02,0.02,0.04,0.04,0.05,0.05
05/05/2021,0.01,0.01,0.01,0.01,0.02,0.02,0.04,0.04,0.06,0.06
05/04/2021,0.01,0.01,0.01,0.01,0.02,0.02,0.04,0.04,0.06,0.06
05/03/2021,0.02,0.02,0.02,0.02,0.04,0.04,0.04,0.04,0.06,0.06
04/30/2021,0.01,0.01,0.02,0.02,0.01,0.01,0.03,0.03,0.05,0.05
04/29/2021,0.01,0.01,0.01,0.01,0.01,0.01,0.04,0.04,0.05,0.05
04/28/2021,0.01,0.01,0.01,0.01,0.01,0.01,0.04,0.04,0.05,0.05
04/27/2021,0.01,0.01,0.02,0.02,0.01,0.01,0.04,0.04,0.06,0.06
04/26/2021,0.02,0.02,0.02,0.02,0.03,0.03,0.04,0.04,0.06,0.06
04/23/2021,0.01,0.01,0.02,0.02,0.03,0.03,0.03,0.03,0.07,0.07
04/22/2021,0.02,0.02,0.02,0.02,0.03,0.03,0.04,0.04,0.06,0.06
04/21/2021,0.00,0.00,0.02,0.02,0.03,0.03,0.04,0.04,0.07,0.07
04/20/2021,0.01,0.01,0.02,0.02,0.03,0.03,0.04,0.04,0.07,0.07
04/19/2021,0.01,0.01,0.02,0.02,0.02,0.02,0.04,0.04,0.07,0.07
04/16/2021,0.02,0.02,0.02,0.02,0.02,0.02,0.04,0.04,0.06,0.06
04/15/2021,0.02,0.02,0.01,0.01,0.02,0.02,0.04,0.04,0.06,0.06
04/14/2021,0.02,0.02,0.02,0.02,0.02,0.02,0.04,0.04,0.06,0.06
04/13/2021,0.03,0.03,0.02,0.02,0.03,0.03,0.05,0.05,0.06,0.06
04/12/2021,0.02,0.02,0.02,0.02,0.02,0.02,0.04,0.04,0.06,0.06
04/09/2021,0.02,0.02,0.01,0.01,0.02,0.02,0.03,0.03,0.06,0.06
04/08/2021,0.02,0.02,0.02,0.02,0.01,0.01,0.04,0.04,0.05,0.05
04/07/2021,0.01,0.01,0.02,0.02,0.02,0.02,0.04,0.04,0.06,0.06
04/06/2021,0.02,0.02,0.02,0.02,0.02,0.02,0.04,0.04,0.06,0.06
04/05/2021,0.03,0.03,0.02,0.02,0.03,0.03,0.04,0.04,0.06,0.06
04/02/2021,0.02,0.02,0.02,0.02,0.02,0.02,0.04,0.04,0.07,0.07
04/01/2021,0.02,0.02,0.02,0.02,0.02,0.02,0.04,0.04,0.06,0.06
03/31/2021,0.01,0.01,0.01,0.01,0.03,0.03,0.05,0.05,0.07,0.07
03/30/2021,0.01,0.01,0.01,0.01,0.02,0.02,0.04,0.04,0.06,0.06
03/29/2021,0.02,0.02,0.03,0.03,0.03,0.03,0.04,0.04,0.06,0.06
03/26/2021,0.02,0.02,0.02,0.02,0.02,0.02,0.04,0.04,0.06,0.06
03/25/2021,0.02,0.02,0.03,0.03,0.02,0.02,0.04,0.04,0.07,0.07
03/24/2021,0.02,0.02,0.02,0.02,0.02,0.02,0.04,0.04,0.07,0.07
03/23/2021,0.02,0.02,0.02,0.02,0.01,0.01,0.04,0.04,0.08,0.08
03/22/2021,0.02,0.02,0.02,0.02,0.03,0.03,0.05,0.05,0.06,0.06
03/19/2021,0.01,0.01,0.01,0.01,0.01,0.01,0.03,0.03,0.06,0.06
03/18/2021,0.01,0.01,0.01,0.01,0.01,0.01,0.03,0.03,0.07,0.07
03/17/2021,0.01,0.01,0.02,0.02,0.02,0.02,0.05,0.05,0.07,0.07
03/16/2021,0.01,0.01,0.02,0.02,0.02,0.02,0.06,0.06,0.07,0.07
03/15/2021,0.02,0.02,0.02,0.02,0.04,0.04,0.06,0.06,0.08,0.08
03/12/2021,0.03,0.03,0.03,0.03,0.04,0.04,0.06,0.06,0.09,0.09
03/11/2021,0.04,0.04,0.04,0.04,0.04,0.04,0.05,0.05,0.08,0.08
03/10/2021,0.03,0.03,0.03,0.03,0.04,0.04,0.06,0.06,0.08,0.08
03/09/2021,0.04,0.04,0.04,0.04,0.05,0.05,0.07,0.07,0.10,0.10
03/08/2021,0.04,0.04,0.04,0.04,0.05,0.05,0.06,0.06,0.09,0.09
03/05/2021,0.04,0.04,0.04,0.04,0.04,0.04,0.07,0.07,0.08,0.08
03/04/2021,0.03,0.03,0.05,0.05,0.04,0.04,0.07,0.07,0.08,0.08
03/03/2021,0.04,0.04,0.04,0.04,0.05,0.05,0.07,0.07,0.08,0.08
03/02/2021,0.04,0.04,0.04,0.04,0.04,0.04,0.06,0.06,0.08,0.08
03/01/2021,0.03,0.03,0.03,0.03,0.05,0.05,0.07,0.07,0.08,0.08
02/26/2021,0.04,0.04,0.04,0.04,0.04,0.04,0.05,0.05,0.08,0.08
02/25/2021,0.04,0.04,0.03,0.03,0.04,0.04,0.06,0.06,0.09,0.09
02/24/2021,0.03,0.03,0.03,0.03,0.03,0.03,0.05,0.05,0.08,0.08
02/23/2021,0.03,0.03,0.02,0.02,0.04,0.04,0.05,0.05,0.08,0.08
02/22/2021,0.03,0.03,0.02,0.02,0.03,0.03,0.04,0.04,0.06,0.06
02/19/2021,0.03,0.03,0.03,0.03,0.04,0.04,0.06,0.06,0.07,0.07
02/18/2021,0.03,0.03,0.03,0.03,0.03,0.03,0.04,0.04,0.06,0.06
02/17/2021,0.03,0.03,0.04,0.04,0.04,0.04,0.06,0.06,0.07,0.07
02/16/2021,0.03,0.03,0.04,0.04,0.04,0.04,0.06,0.06,0.08,0.08
02/12/2021,0.03,0.03,0.04,0.04,0.04,0.04,0.05,0.05,0.06,0.06
02/11/2021,0.05,0.05,0.05,0.05,0.05,0.05,0.06,0.06,0.07,0.07
02/10/2021,0.05,0.05,0.04,0.04,0.05,0.05,0.06,0.06,0.07,0.07
02/09/2021,0.04,0.04,0.04,0.04,0.04,0.04,0.06,0.06,0.07,0.07
02/08/2021,0.04,0.04,0.03,0.03,0.05,0.05,0.05,0.05,0.07,0.07
02/05/2021,0.02,0.02,0.03,0.03,0.03,0.03,0.05,0.05,0.06,0.06
02/04/2021,0.03,0.03,0.04,0.04,0.04,0.04,0.06,0.06,0.07,0.07
02/03/2021,0.03,0.03,0.04,0.04,0.04,0.04,0.06,0.06,0.08,0.08
02/02/2021,0.04,0.04,0.05,0.05,0.07,0.07,0.08,0.08,0.08,0.08
02/01/2021,0.06,0.06,0.07,0.07,0.07,0.07,0.08,0.08,0.08,0.08
01/29/2021,0.07,0.07,0.07,0.07,0.06,0.06,0.07,0.07,0.10,0.10
01/28/2021,0.05,0.05,0.06,0.06,0.07,0.07,0.08,0.08,0.08,0.08
01/27/2021,0.05,0.05,0.06,0.06,0.08,0.08,0.09,0.09,0.09,0.09
01/26/2021,0.05,0.05,0.07,0.07,0.07,0.07,0.09,0.09,0.09,0.09
01/25/2021,0.07,0.07,0.08,0.08,0.09,0.09,0.09,0.09,0.10,0.10
01/22/2021,0.07,0.07,0.08,0.08,0.08,0.08,0.10,0.10,0.10,0.10
01/21/2021,0.07,0.07,0.09,0.09,0.09,0.09,0.09,0.09,0.10,0.10
01/20/2021,0.08,0.08,0.08,0.08,0.08,0.08,0.10,0.10,0.10,0.10
01/19/2021,0.07,0.07,0.09,0.09,0.09,0.09,0.11,0.11,0.10,0.10
01/15/2021,0.08,0.08,0.09,0.09,0.09,0.09,0.10,0.10,0.10,0.10
01/14/2021,0.09,0.09,0.09,0.09,0.09,0.09,0.09,0.09,0.10,0.10
01/13/2021,0.09,0.09,0.08,0.08,0.09,0.09,0.10,0.10,0.12,0.12
01/12/2021,0.09,0.09,0.08,0.08,0.09,0.09,0.09,0.09,0.11,0.11
01/11/2021,0.09,0.09,0.08,0.08,0.08,0.08,0.10,0.10,0.10,0.10
01/08/2021,0.08,0.08,0.08,0.08,0.08,0.08,0.09,0.09,0.10,0.10
01/07/2021,0.09,0.09,0.09,0.09,0.09,0.09,0.09,0.09,0.11,0.11
01/06/2021,0.09,0.09,0.09,0.09,0.09,0.09,0.09,0.09,0.11,0.11
01/05/2021,0.08,0.08,0.09,0.09,0.09,0.09,0.09,0.09,0.10,0.10
01/04/2021,0.09,0.09,0.09,0.09,0.09,0.09,0.09,0.09,0.10,0.10
12/31/2020,0.08,0.08,0.08,0.08,0.09,0.09,0.09,0.09,0.10,0.10
12/30/2020,0.06,0.06,0.06,0.06,0.08,0.08,0.09,0.09,0.12,0.12
12/29/2020,0.08,0.08,0.09,0.09,0.10,0.10,0.12,0.12,0.11,0.11
12/28/2020,0.09,0.09,0.10,0.10,0.11,0.11,0.11,0.11,0.11,0.11
12/24/2020,0.09,0.09,0.09,0.09,0.09,0.09,0.09,0.09,0.10,0.10
12/23/2020,0.07,0.07,0.08,0.08,0.09,0.09,0.09,0.09,0.09,0.09
12/22/2020,0.06,0.06,0.09,0.09,0.09,0.09,0.09,0.09,0.09,0.09
12/21/2020,0.08,0.08,0.09,0.09,0.09,0.09,0.09,0.09,0.09,0.09
12/18/2020,0.08,0.08,0.08,0.08,0.08,0.08,0.09,0.09,0.09,0.09
12/17/2020,0.08,0.08,0.09,0.09,0.08,0.08,0.09,0.09,0.09,0.09
12/16/2020,0.08,0.08,0.08,0.08,0.09,0.09,0.09,0.09,0.09,0.09
12/15/2020,0.07,0.07,0.08,0.08,0.08,0.08,0.08,0.08,0.09,0.09
12/14/2020,0.07,0.07,0.08,0.08,0.09,0.09,0.08,0.08,0.10,0.10
12/11/2020,0.08,0.08,0.08,0.08,0.08,0.08,0.08,0.08,0.10,0.10
12/10/2020,0.07,0.07,0.08,0.08,0.08,0.08,0.09,0.09,0.10,0.10
12/09/2020,0.07,0.07,0.07,0.07,0.08,0.08,0.09,0.09,0.10,0.10
12/08/2020,0.08,0.08,0.08,0.08,0.09,0.09,0.09,0.09,0.10,0.10
12/07/2020,0.09,0.09,0.08,0.08,0.08,0.08,0.10,0.10,0.10,0.10
12/04/2020,0.07,0.07,0.07,0.07,0.09,0.09,0.10,0.10,0.11,0.11
12/03/2020,0.08,0.08,0.08,0.08,0.08,0.08,0.09,0.09,0.10,0.10
12/02/2020,0.07,0.07,0.08,0.08,0.09,0.09,0.10,0.10,0.11,0.11
12/01/2020,0.07,0.07,0.07,0.07,0.09,0.09,0.10,0.10,0.12,0.12
11/30/2020,0.08,0.08,0.08,0.08,0.08,0.08,0.09,0.09,0.11,0.11
11/27/2020,0.09,0.09,0.09,0.09,0.09,0.09,0.10,0.10,0.11,0.11
11/25/2020,0.07,0.07,0.07,0.07,0.09,0.09,0.09,0.09,0.11,0.11
11/24/2020,0.08,0.08,0.08,0.08,0.09,0.09,0.10,0.10,0.11,0.11
11/23/2020,0.08,0.08,0.08,0.08,0.08,0.08,0.08,0.08,0.10,0.10
11/20/2020,0.09,0.09,0.09,0.09,0.07,0.07,0.10,0.10,0.11,0.11
11/19/2020,0.08,0.08,0.08,0.08,0.07,0.07,0.10,0.10,0.11,0.11
11/18/2020,0.07,0.07,0.09,0.09,0.09,0.09,0.10,0.10,0.11,0.11
11/17/2020,0.08,0.08,0.08,0.08,0.09,0.09,0.10,0.10,0.12,0.12
11/16/2020,0.09,0.09,0.10,0.10,0.09,0.09,0.12,0.12,0.12,0.12
11/13/2020,0.10,0.10,0.09,0.09,0.09,0.09,0.10,0.10,0.12,0.12
11/12/2020,0.10,0.10,0.11,0.11,0.10,0.10,0.10,0.10,0.13,0.13
11/10/2020,0.09,0.09,0.09,0.09,0.10,0.10,0.11,0.11,0.12,0.12
11/09/2020,0.10,0.10,0.10,0.10,0.11,0.11,0.11,0.11,0.12,0.12
11/06/2020,0.10,0.10,0.10,0.10,0.10,0.10,0.11,0.11,0.12,0.12
11/05/2020,0.09,0.09,0.10,0.10,0.10,0.10,0.10,0.10,0.12,0.12
11/04/2020,0.08,0.08,0.09,0.09,0.10,0.10,0.10,0.10,0.12,0.12
11/03/2020,0.09,0.09,0.10,0.10,0.10,0.10,0.12,0.12,0.14,0.14
11/02/2020,0.09,0.09,0.09,0.09,0.09,0.09,0.11,0.11,0.13,0.13
10/30/2020,0.08,0.08,0.09,0.09,0.09,0.09,0.11,0.11,0.13,0.13
10/29/2020,0.08,0.08,0.10,0.10,0.09,0.09,0.10,0.10,0.12,0.12
10/28/2020,0.07,0.07,0.09,0.09,0.10,0.10,0.11,0.11,0.12,0.12
10/27/2020,0.08,0.08,0.09,0.09,0.10,0.10,0.11,0.11,0.12,0.12
10/26/2020,0.08,0.08,0.09,0.09,0.11,0.11,0.12,0.12,0.12,0.12
10/23/2020,0.08,0.08,0.09,0.09,0.10,0.10,0.11,0.11,0.12,0.12
10/22/2020,0.09,0.09,0.09,0.09,0.09,0.09,0.11,0.11,0.13,0.13
10/21/2020,0.08,0.08,0.09,0.09,0.10,0.10,0.12,0.12,0.13,0.13
10/20/2020,0.08,0.08,0.09,0.09,0.10,0.10,0.12,0.12,0.13,0.13
10/19/2020,0.09,0.09,0.10,0.10,0.11,0.11,0.11,0.11,0.13,0.13
10/16/2020,0.09,0.09,0.10,0.10,0.11,0.11,0.12,0.12,0.12,0.12
10/15/2020,0.10,0.10,0.10,0.10,0.11,0.11,0.12,0.12,0.12,0.12
10/14/2020,0.10,0.10,0.10,0.10,0.12,0.12,0.12,0.12,0.13,0.13
10/13/2020,0.09,0.09,0.09,0.09,0.11,0.11,0.12,0.12,0.13,0.13
10/09/2020,0.10,0.10,0.11,0.11,0.10,0.10,0.12,0.12,0.15,0.15
10/08/2020,0.09,0.09,0.09,0.09,0.09,0.09,0.12,0.12,0.13,0.13
10/07/2020,0.08,0.08,0.09,0.09,0.10,0.10,0.12,0.12,0.13,0.13
10/06/2020,0.08,0.08,0.09,0.09,0.10,0.10,0.11,0.11,0.14,0.14
10/05/2020,0.09,0.09,0.10,0.10,0.10,0.10,0.11,0.11,0.12,0.12
10/02/2020,0.10,0.10,0.09,0.09,0.09,0.09,0.11,0.11,0.12,0.12
10/01/2020,0.09,0.09,0.09,0.09,0.09,0.09,0.10,0.10,0.12,0.12
09/30/2020,0.08,0.08,0.08,0.08,0.10,0.10,0.11,0.11,0.12,0.12
09/29/2020,0.07,0.07,0.08,0.08,0.09,0.09,0.11,0.11,0.12,0.12
09/28/2020,0.09,0.09,0.10,0.10,0.11,0.11,0.11,0.11,0.12,0.12
09/25/2020,0.08,0.08,0.09,0.09,0.10,0.10,0.11,0.11,0.12,0.12
09/24/2020,0.08,0.08,0.09,0.09,0.10,0.10,0.11,0.11,0.12,0.12
09/23/2020,0.08,0.08,0.09,0.09,0.11,0.11,0.11,0.11,0.13,0.13
09/22/2020,0.08,0.08,0.09,0.09,0.10,0.10,0.11,0.11,0.12,0.12
09/21/2020,0.09,0.09,0.10,0.10,0.10,0.10,0.11,0.11,0.12,0.12
09/18/2020,0.09,0.09,0.10,0.10,0.10,0.10,0.12,0.12,0.13,0.13
09/17/2020,0.09,0.09,0.09,0.09,0.09,0.09,0.11,0.11,0.12,0.12
09/16/2020,0.08,0.08,0.10,0.10,0.12,0.12,0.12,0.12,0.12,0.12
09/15/2020,0.09,0.09,0.10,0.10,0.11,0.11,0.12,0.12,0.13,0.13
09/14/2020,0.10,0.10,0.11,0.11,0.11,0.11,0.13,0.13,0.14,0.14
09/11/2020,0.10,0.10,0.11,0.11,0.11,0.11,0.12,0.12,0.13,0.13
09/10/2020,0.10,0.10,0.11,0.11,0.12,0.12,0.12,0.12,0.15,0.15
09/09/2020,0.10,0.10,0.11,0.11,0.12,0.12,0.14,0.14,0.14,0.14
09/08/2020,0.10,0.10,0.10,0.10,0.13,0.13,0.14,0.14,0.15,0.15
09/04/2020,0.09,0.09,0.10,0.10,0.11,0.11,0.12,0.12,0.13,0.13
09/03/2020,0.10,0.10,0.11,0.11,0.11,0.11,0.12,0.12,0.12,0.12
09/02/2020,0.10,0.10,0.10,0.10,0.12,0.12,0.12,0.12,0.13,0.13
09/01/2020,0.09,0.09,0.11,0.11,0.12,0.12,0.13,0.13,0.12,0.12
08/31/2020,0.08,0.08,0.10,0.10,0.11,0.11,0.13,0.13,0.12,0.12
08/28/2020,0.09,0.09,0.09,0.09,0.10,0.10,0.11,0.11,0.12,0.12
08/27/2020,0.09,0.09,0.10,0.10,0.11,0.11,0.11,0.11,0.13,0.13
08/26/2020,0.07,0.07,0.10,0.10,0.11,0.11,0.12,0.12,0.12,0.12
08/25/2020,0.08,0.08,0.10,0.10,0.11,0.11,0.12,0.12,0.13,0.13
08/24/2020,0.09,0.09,0.10,0.10,0.12,0.12,0.12,0.12,0.14,0.14
08/21/2020,0.07,0.07,0.09,0.09,0.10,0.10,0.12,0.12,0.13,0.13
08/20/2020,0.08,0.08,0.09,0.09,0.11,0.11,0.13,0.13,0.12,0.12
08/19/2020,0.07,0.07,0.08,0.08,0.11,0.11,0.12,0.12,0.13,0.13
08/18/2020,0.08,0.08,0.09,0.09,0.09,0.09,0.13,0.13,0.13,0.13
08/17/2020,0.09,0.09,0.10,0.10,0.10,0.10,0.12,0.12,0.13,0.13
08/14/2020,0.09,0.09,0.10,0.10,0.10,0.10,0.12,0.12,0.13,0.13
08/13/2020,0.08,0.08,0.10,0.10,0.10,0.10,0.12,0.12,0.14,0.14
08/12/2020,0.08,0.08,0.10,0.10,0.11,0.11,0.12,0.12,0.13,0.13
08/11/2020,0.08,0.08,0.10,0.10,0.11,0.11,0.12,0.12,0.15,0.15
08/10/2020,0.09,0.09,0.11,0.11,0.11,0.11,0.13,0.13,0.13,0.13
08/07/2020,0.08,0.08,0.09,0.09,0.10,0.10,0.12,0.12,0.14,0.14
08/06/2020,0.07,0.07,0.11,0.11,0.10,0.10,0.11,0.11,0.14,0.14
08/05/2020,0.08,0.08,0.09,0.09,0.10,0.10,0.12,0.12,0.12,0.12
08/04/2020,0.09,0.09,0.09,0.09,0.09,0.09,0.11,0.11,0.14,0.14
08/03/2020,0.09,0.09,0.09,0.09,0.10,0.10,0.11,0.11,0.12,0.12
07/31/2020,0.09,0.09,0.09,0.09,0.09,0.09,0.10,0.10,0.11,0.11
07/30/2020,0.10,0.10,0.10,0.10,0.09,0.09,0.11,0.11,0.11,0.11
07/29/2020,0.09,0.09,0.10,0.10,0.11,0.11,0.12,0.12,0.13,0.13
07/28/2020,0.09,0.09,0.11,0.11,0.11,0.11,0.12,0.12,0.14,0.14
07/27/2020,0.10,0.10,0.10,0.10,0.11,0.11,0.14,0.14,0.14,0.14
07/24/2020,0.10,0.10,0.11,0.11,0.11,0.11,0.14,0.14,0.16,0.16
07/23/2020,0.09,0.09,0.11,0.11,0.12,0.12,0.13,0.13,0.14,0.14
07/22/2020,0.09,0.09,0.11,0.11,0.13,0.13,0.14,0.14,0.14,0.14
07/21/2020,0.09,0.09,0.10,0.10,0.13,0.13,0.13,0.13,0.15,0.15
07/20/2020,0.11,0.11,0.12,0.12,0.13,0.13,0.14,0.14,0.14,0.14
07/17/2020,0.11,0.11,0.11,0.11,0.11,0.11,0.13,0.13,0.14,0.14
07/16/2020,0.12,0.12,0.11,0.11,0.11,0.11,0.13,0.13,0.14,0.14
07/15/2020,0.12,0.12,0.12,0.12,0.16,0.16,0.15,0.15,0.15,0.15
07/14/2020,0.11,0.11,0.13,0.13,0.15,0.15,0.14,0.14,0.17,0.17
07/13/2020,0.11,0.11,0.12,0.12,0.14,0.14,0.15,0.15,0.16,0.16
07/10/2020,0.10,0.10,0.12,0.12,0.13,0.13,0.15,0.15,0.15,0.15
07/09/2020,0.11,0.11,0.12,0.12,0.13,0.13,0.16,0.16,0.15,0.15
07/08/2020,0.11,0.11,0.12,0.12,0.15,0.15,0.17,0.17,0.15,0.15
07/07/2020,0.12,0.12,0.14,0.14,0.15,0.15,0.17,0.17,0.15,0.15
07/06/2020,0.12,0.12,0.14,0.14,0.15,0.15,0.16,0.16,0.16,0.16
07/02/2020,0.13,0.13,0.14,0.14,0.14,0.14,0.16,0.16,0.16,0.16
07/01/2020,0.12,0.12,0.11,0.11,0.14,0.14,0.17,0.17,0.16,0.16
06/30/2020,0.13,0.13,0.14,0.14,0.16,0.16,0.18,0.18,0.16,0.16
06/29/2020,0.11,0.11,0.14,0.14,0.14,0.14,0.18,0.18,0.16,0.16
06/26/2020,0.12,0.12,0.15,0.15,0.14,0.14,0.17,0.17,0.17,0.17
06/25/2020,0.13,0.13,0.14,0.14,0.16,0.16,0.17,0.17,0.17,0.17
06/24/2020,0.11,0.11,0.13,0.13,0.15,0.15,0.17,0.17,0.17,0.17
06/23/2020,0.12,0.12,0.13,0.13,0.16,0.16,0.17,0.17,0.18,0.18
06/22/2020,0.14,0.14,0.15,0.15,0.16,0.16,0.18,0.18,0.17,0.17
06/19/2020,0.13,0.13,0.14,0.14,0.15,0.15,0.17,0.17,0.18,0.18
06/18/2020,0.13,0.13,0.14,0.14,0.16,0.16,0.17,0.17,0.19,0.19
06/17/2020,0.13,0.13,0.14,0.14,0.17,0.17,0.18,0.18,0.19,0.19
06/16/2020,0.14,0.14,0.15,0.15,0.17,0.17,0.19,0.19,0.18,0.18
06/15/2020,0.15,0.15,0.16,0.16,0.18,0.18,0.19,0.19,0.17,0.17
06/12/2020,0.14,0.14,0.15,0.15,0.16,0.16,0.18,0.18,0.18,0.18
06/11/2020,0.14,0.14,0.16,0.16,0.17,0.17,0.18,0.18,0.19,0.19
06/10/2020,0.13,0.13,0.15,0.15,0.17,0.17,0.19,0.19,0.18,0.18
06/09/2020,0.14,0.14,0.16,0.16,0.19,0.19,0.19,0.19,0.19,0.19
06/08/2020,0.15,0.15,0.15,0.15,0.17,0.17,0.19,0.19,0.19,0.19
06/05/2020,0.13,0.13,0.14,0.14,0.15,0.15,0.18,0.18,0.18,0.18
06/04/2020,0.13,0.13,0.15,0.15,0.15,0.15,0.18,0.18,0.17,0.17
06/03/2020,0.12,0.12,0.13,0.13,0.16,0.16,0.19,0.19,0.17,0.17
06/02/2020,0.12,0.12,0.13,0.13,0.15,0.15,0.18,0.18,0.17,0.17
06/01/2020,0.12,0.12,0.14,0.14,0.14,0.14,0.18,0.18,0.17,0.17
05/29/2020,0.13,0.13,0.14,0.14,0.14,0.14,0.18,0.18,0.17,0.17
05/28/2020,0.14,0.14,0.15,0.15,0.15,0.15,0.18,0.18,0.17,0.17
05/27/2020,0.10,0.10,0.13,0.13,0.15,0.15,0.17,0.17,0.18,0.18
05/26/2020,0.10,0.10,0.12,0.12,0.14,0.14,0.17,0.17,0.17,0.17
05/22/2020,0.09,0.09,0.11,0.11,0.12,0.12,0.16,0.16,0.17,0.17
05/21/2020,0.09,0.09,0.11,0.11,0.12,0.12,0.14,0.14,0.16,0.16
05/20/2020,0.08,0.08,0.10,0.10,0.12,0.12,0.14,0.14,0.16,0.16
05/19/2020,0.09,0.09,0.11,0.11,0.13,0.13,0.15,0.15,0.16,0.16
05/18/2020,0.10,0.10,0.11,0.11,0.13,0.13,0.15,0.15,0.17,0.17
05/15/2020,0.09,0.09,0.09,0.09,0.12,0.12,0.15,0.15,0.15,0.15
05/14/2020,0.09,0.09,0.10,0.10,0.12,0.12,0.15,0.15,0.15,0.15
05/13/2020,0.10,0.10,0.10,0.10,0.13,0.13,0.15,0.15,0.15,0.15
05/12/2020,0.10,0.10,0.11,0.11,0.13,0.13,0.16,0.16,0.16,0.16
05/11/2020,0.09,0.09,0.11,0.11,0.12,0.12,0.16,0.16,0.16,0.16
05/08/2020,0.10,0.10,0.11,0.11,0.12,0.12,0.15,0.15,0.15,0.15
05/07/2020,0.10,0.10,0.11,0.11,0.11,0.11,0.14,0.14,0.15,0.15
05/06/2020,0.08,0.08,0.10,0.10,0.12,0.12,0.16,0.16,0.16,0.16
05/05/2020,0.09,0.09,0.11,0.11,0.13,0.13,0.15,0.15,0.16,0.16
05/04/2020,0.10,0.10,0.10,0.10,0.13,0.13,0.14,0.14,0.16,0.16
05/01/2020,0.10,0.10,0.11,0.11,0.12,0.12,0.12,0.12,0.17,0.17
04/30/2020,0.10,0.10,0.10,0.10,0.09,0.09,0.11,0.11,0.16,0.16
04/29/2020,0.10,0.10,0.09,0.09,0.10,0.10,0.12,0.12,0.18,0.18
04/28/2020,0.08,0.08,0.09,0.09,0.11,0.11,0.13,0.13,0.16,0.16
04/27/2020,0.09,0.09,0.13,0.13,0.12,0.12,0.15,0.15,0.17,0.17
04/24/2020,0.10,0.10,0.11,0.11,0.12,0.12,0.14,0.14,0.18,0.18
04/23/2020,0.09,0.09,0.12,0.12,0.11,0.11,0.14,0.14,0.17,0.17
04/22/2020,0.09,0.09,0.09,0.09,0.12,0.12,0.14,0.14,0.16,0.16
04/21/2020,0.08,0.08,0.08,0.08,0.11,0.11,0.14,0.14,0.17,0.17
04/20/2020,0.10,0.10,0.10,0.10,0.12,0.12,0.15,0.15,0.15,0.15
04/17/2020,0.12,0.12,0.12,0.12,0.12,0.12,0.16,0.16,0.16,0.16
04/16/2020,0.14,0.14,0.15,0.15,0.14,0.14,0.18,0.18,0.17,0.17
04/15/2020,0.13,0.13,0.15,0.15,0.14,0.14,0.19,0.19,0.19,0.19
04/14/2020,0.17,0.17,0.18,0.18,0.20,0.20,0.24,0.24,0.25,0.25
04/13/2020,0.16,0.16,0.29,0.29,0.26,0.26,0.27,0.27,0.27,0.27
04/09/2020,0.20,0.20,0.27,0.27,0.25,0.25,0.24,0.24,0.25,0.25
04/08/2020,0.14,0.14,0.16,0.16,0.22,0.22,0.24,0.24,0.23,0.23
04/07/2020,0.09,0.09,0.13,0.13,0.14,0.14,0.20,0.20,0.19,0.19
04/06/2020,0.09,0.09,0.13,0.13,0.15,0.15,0.17,0.17,0.19,0.19
04/03/2020,0.09,0.09,0.11,0.11,0.10,0.10,0.15,0.15,0.15,0.15
04/02/2020,0.09,0.09,0.10,0.10,0.09,0.09,0.15,0.15,0.14,0.14
04/01/2020,0.03,0.03,0.06,0.06,0.09,0.09,0.14,0.14,0.16,0.16
03/31/2020,0.04,0.04,0.12,0.12,0.11,0.11,0.15,0.15,0.17,0.17
03/30/2020,0.04,0.04,0.06,0.06,0.12,0.12,0.12,0.12,0.14,0.14
03/27/2020,0.01,0.01,0.03,0.03,0.03,0.03,0.02,0.02,0.11,0.11
03/26/2020,0.01,0.01,0.01,0.01,-0.05,-0.05,0.04,0.04,0.13,0.13
03/25/2020,-0.04,-0.04,-0.03,-0.03,-0.04,-0.04,0.07,0.07,0.19,0.19
03/24/2020,0.01,0.01,0.01,0.01,0.01,0.01,0.09,0.09,0.25,0.25
03/23/2020,0.01,0.01,0.04,0.04,0.02,0.02,0.08,0.08,0.16,0.16
03/20/2020,0.04,0.04,0.05,0.05,0.05,0.05,0.05,0.05,0.13,0.13
03/19/2020,0.04,0.04,0.04,0.04,0.04,0.04,0.06,0.06,0.18,0.18
03/18/2020,0.04,0.04,0.03,0.03,0.02,0.02,0.08,0.08,0.19,0.19
03/17/2020,0.11,0.11,0.18,0.18,0.19,0.19,0.24,0.24,0.29,0.30
03/16/2020,0.25,0.25,0.25,0.25,0.24,0.24,0.29,0.29,0.28,0.29
03/13/2020,0.33,0.33,0.30,0.30,0.27,0.27,0.37,0.38,0.37,0.38
03/12/2020,0.40,0.41,0.33,0.33,0.33,0.33,0.36,0.37,0.38,0.39
03/11/2020,0.41,0.42,0.42,0.43,0.41,0.42,0.39,0.40,0.39,0.40
03/10/2020,0.56,0.57,0.55,0.56,0.43,0.44,0.42,0.43,0.42,0.43
03/09/2020,0.56,0.57,0.53,0.54,0.32,0.32,0.27,0.27,0.30,0.31
03/06/2020,0.78,0.79,0.64,0.65,0.45,0.46,0.40,0.41,0.38,0.39
03/05/2020,0.91,0.92,0.82,0.83,0.61,0.62,0.52,0.53,0.47,0.48
03/04/2020,1.00,1.01,0.89,0.90,0.71,0.72,0.67,0.68,0.58,0.59
03/03/2020,1.10,1.12,1.05,1.07,0.93,0.95,0.82,0.83,0.71,0.73
03/02/2020,1.40,1.42,1.27,1.29,1.10,1.12,0.93,0.95,0.87,0.89
02/28/2020,1.43,1.45,1.35,1.37,1.25,1.27,1.09,1.11,0.95,0.97
02/27/2020,1.54,1.56,1.50,1.52,1.42,1.45,1.30,1.33,1.15,1.18
02/26/2020,1.56,1.59,1.54,1.57,1.50,1.53,1.39,1.42,1.23,1.26
02/25/2020,1.56,1.59,1.55,1.58,1.50,1.53,1.43,1.46,1.27,1.30
02/24/2020,1.57,1.60,1.56,1.59,1.50,1.53,1.45,1.49,1.33,1.36
02/21/2020,1.57,1.60,1.57,1.60,1.53,1.56,1.49,1.53,1.40,1.44
02/20/2020,1.58,1.61,1.57,1.60,1.55,1.58,1.51,1.55,1.43,1.47
02/19/2020,1.58,1.61,1.58,1.61,1.55,1.58,1.52,1.56,1.44,1.48
02/18/2020,1.58,1.61,1.57,1.60,1.55,1.58,1.52,1.56,1.44,1.48
02/14/2020,1.57,1.60,1.57,1.60,1.55,1.58,1.52,1.56,1.45,1.49
02/13/2020,1.56,1.59,1.56,1.59,1.56,1.59,1.52,1.56,1.45,1.49
02/12/2020,1.54,1.57,1.56,1.59,1.55,1.58,1.52,1.56,1.45,1.49
02/11/2020,1.54,1.57,1.55,1.58,1.54,1.57,1.51,1.55,1.44,1.48
02/10/2020,1.55,1.58,1.55,1.58,1.55,1.58,1.54,1.58,1.42,1.46
02/07/2020,1.54,1.57,1.55,1.58,1.53,1.56,1.53,1.57,1.45,1.49
02/06/2020,1.56,1.59,1.56,1.59,1.54,1.57,1.54,1.58,1.47,1.51
02/05/2020,1.52,1.55,1.53,1.56,1.54,1.57,1.53,1.57,1.45,1.49
02/04/2020,1.52,1.55,1.54,1.57,1.54,1.57,1.53,1.57,1.44,1.48
02/03/2020,1.53,1.56,1.54,1.57,1.54,1.57,1.52,1.56,1.42,1.46
01/31/2020,1.53,1.56,1.54,1.57,1.52,1.55,1.50,1.54,1.41,1.45
01/30/2020,1.56,1.59,1.55,1.58,1.54,1.57,1.53,1.57,1.44,1.48
01/29/2020,1.49,1.52,1.52,1.55,1.53,1.56,1.53,1.57,1.47,1.51
01/28/2020,1.50,1.53,1.54,1.57,1.54,1.57,1.54,1.58,1.49,1.53
01/27/2020,1.50,1.53,1.52,1.55,1.52,1.55,1.53,1.57,1.50,1.54
01/24/2020,1.51,1.54,1.52,1.55,1.51,1.54,1.51,1.55,1.51,1.55
01/23/2020,1.52,1.55,1.54,1.57,1.52,1.55,1.52,1.56,1.51,1.55
01/22/2020,1.49,1.52,1.50,1.53,1.52,1.55,1.52,1.56,1.51,1.55
01/21/2020,1.49,1.52,1.51,1.54,1.53,1.56,1.53,1.57,1.50,1.54
01/17/2020,1.51,1.54,1.53,1.56,1.53,1.56,1.53,1.57,1.52,1.56
01/16/2020,1.51,1.54,1.53,1.56,1.52,1.55,1.52,1.56,1.50,1.54
01/15/2020,1.50,1.53,1.53,1.56,1.54,1.57,1.54,1.58,1.50,1.54
01/14/2020,1.50,1.53,1.53,1.56,1.54,1.57,1.53,1.57,1.49,1.53
01/13/2020,1.51,1.54,1.53,1.56,1.54,1.57,1.53,1.57,1.49,1.53
01/10/2020,1.49,1.52,1.52,1.55,1.51,1.54,1.51,1.55,1.49,1.53
01/09/2020,1.50,1.53,1.52,1.55,1.51,1.54,1.52,1.56,1.50,1.54
01/08/2020,1.47,1.50,1.50,1.53,1.51,1.54,1.52,1.56,1.51,1.55
01/07/2020,1.49,1.52,1.50,1.53,1.51,1.54,1.52,1.56,1.49,1.53
01/06/2020,1.51,1.54,1.51,1.54,1.53,1.56,1.52,1.56,1.50,1.54
01/03/2020,1.49,1.52,1.52,1.55,1.49,1.52,1.51,1.55,1.51,1.55
01/02/2020,1.50,1.53,1.52,1.55,1.51,1.54,1.53,1.57,1.52,1.56
12/31/2019,1.45,1.48,1.48,1.51,1.52,1.55,1.56,1.60,1.55,1.59
12/30/2019,1.48,1.51,1.50,1.53,1.54,1.57,1.56,1.60,1.53,1.57
12/27/2019,1.53,1.56,1.53,1.56,1.54,1.57,1.55,1.59,1.47,1.51
12/26/2019,1.56,1.59,1.57,1.60,1.55,1.58,1.57,1.61,1.49,1.53
12/24/2019,1.52,1.55,1.55,1.58,1.55,1.58,1.57,1.61,1.49,1.53
12/23/2019,1.54,1.57,1.54,1.57,1.56,1.59,1.56,1.60,1.49,1.53
12/20/2019,1.54,1.57,1.56,1.59,1.55,1.58,1.54,1.58,1.48,1.52
12/19/2019,1.51,1.54,1.55,1.58,1.54,1.57,1.53,1.57,1.48,1.52
12/18/2019,1.53,1.56,1.54,1.57,1.53,1.56,1.54,1.58,1.50,1.54
12/17/2019,1.53,1.56,1.53,1.56,1.53,1.56,1.54,1.58,1.49,1.53
12/16/2019,1.54,1.57,1.54,1.57,1.54,1.57,1.54,1.58,1.50,1.54
12/13/2019,1.52,1.55,1.54,1.57,1.54,1.57,1.52,1.56,1.49,1.53
12/12/2019,1.54,1.57,1.54,1.57,1.53,1.56,1.53,1.57,1.51,1.55
12/11/2019,1.51,1.54,1.53,1.56,1.54,1.57,1.54,1.58,1.51,1.55
12/10/2019,1.50,1.53,1.52,1.55,1.53,1.56,1.53,1.57,1.52,1.56
12/09/2019,1.51,1.54,1.51,1.54,1.51,1.54,1.54,1.58,1.52,1.56
12/06/2019,1.49,1.52,1.52,1.55,1.50,1.53,1.52,1.56,1.53,1.57
12/05/2019,1.49,1.52,1.53,1.56,1.51,1.54,1.51,1.55,1.52,1.56
12/04/2019,1.58,1.61,1.51,1.54,1.52,1.55,1.52,1.56,1.52,1.56
12/03/2019,1.54,1.57,1.51,1.54,1.54,1.57,1.53,1.57,1.53,1.57
12/02/2019,1.58,1.61,1.55,1.58,1.57,1.60,1.58,1.62,1.56,1.60
11/29/2019,1.59,1.62,1.57,1.60,1.56,1.59,1.59,1.63,1.56,1.60
11/27/2019,1.62,1.65,1.57,1.60,1.59,1.62,1.59,1.63,1.56,1.60
11/26/2019,1.60,1.63,1.58,1.61,1.57,1.60,1.58,1.62,1.55,1.59
11/25/2019,1.57,1.60,1.57,1.60,1.58,1.61,1.57,1.61,1.54,1.58
11/22/2019,1.55,1.58,1.56,1.59,1.55,1.58,1.55,1.59,1.52,1.56
11/21/2019,1.54,1.57,1.54,1.57,1.55,1.58,1.55,1.59,1.51,1.55
11/20/2019,1.54,1.57,1.53,1.56,1.54,1.57,1.54,1.58,1.50,1.54
11/19/2019,1.55,1.58,1.54,1.57,1.54,1.57,1.54,1.58,1.50,1.54
11/18/2019,1.56,1.59,1.54,1.57,1.54,1.57,1.54,1.58,1.50,1.54
11/15/2019,1.56,1.59,1.53,1.56,1.54,1.57,1.55,1.59,1.50,1.54
11/14/2019,1.56,1.59,1.54,1.57,1.54,1.57,1.54,1.58,1.51,1.55
11/13/2019,1.53,1.56,1.54,1.57,1.54,1.57,1.55,1.59,1.53,1.57
11/12/2019,1.53,1.56,1.53,1.56,1.56,1.59,1.55,1.59,1.54,1.58
11/08/2019,1.53,1.56,1.53,1.56,1.52,1.55,1.54,1.58,1.54,1.58
11/07/2019,1.54,1.57,1.54,1.57,1.53,1.56,1.54,1.58,1.54,1.58
11/06/2019,1.52,1.55,1.53,1.56,1.53,1.56,1.53,1.57,1.54,1.58
11/05/2019,1.53,1.56,1.54,1.57,1.53,1.56,1.54,1.58,1.57,1.62
11/04/2019,1.55,1.58,1.54,1.57,1.50,1.53,1.53,1.57,1.52,1.56
11/01/2019,1.55,1.58,1.55,1.58,1.49,1.52,1.51,1.55,1.49,1.53
10/31/2019,1.56,1.59,1.56,1.59,1.51,1.54,1.53,1.57,1.49,1.53
10/30/2019,1.59,1.62,1.57,1.60,1.59,1.62,1.58,1.62,1.55,1.59
10/29/2019,1.63,1.66,1.64,1.67,1.60,1.63,1.60,1.64,1.55,1.59
10/28/2019,1.71,1.74,1.68,1.71,1.62,1.65,1.61,1.65,1.56,1.60
10/25/2019,1.70,1.73,1.69,1.72,1.63,1.66,1.62,1.66,1.56,1.60
10/24/2019,1.72,1.75,1.70,1.73,1.64,1.67,1.61,1.65,1.55,1.59
10/23/2019,1.72,1.75,1.67,1.70,1.62,1.65,1.60,1.64,1.54,1.58
10/22/2019,1.73,1.76,1.67,1.70,1.62,1.65,1.60,1.64,1.55,1.59
10/21/2019,1.73,1.76,1.67,1.70,1.64,1.67,1.61,1.65,1.55,1.59
10/18/2019,1.72,1.75,1.66,1.69,1.63,1.66,1.59,1.63,1.54,1.58
10/17/2019,1.71,1.74,1.67,1.70,1.63,1.66,1.59,1.63,1.55,1.59
10/16/2019,1.69,1.72,1.65,1.68,1.63,1.66,1.60,1.64,1.55,1.59
10/15/2019,1.71,1.74,1.69,1.72,1.64,1.67,1.63,1.67,1.60,1.65
10/11/2019,1.73,1.76,1.71,1.74,1.65,1.68,1.64,1.68,1.62,1.67
10/10/2019,1.71,1.74,1.68,1.71,1.65,1.68,1.64,1.68,1.58,1.63
10/09/2019,1.66,1.69,1.67,1.70,1.66,1.69,1.65,1.69,1.55,1.59
10/08/2019,1.65,1.68,1.69,1.72,1.68,1.72,1.65,1.69,1.57,1.62
10/07/2019,1.73,1.76,1.73,1.76,1.71,1.75,1.69,1.73,1.61,1.66
10/04/2019,1.70,1.73,1.71,1.74,1.68,1.71,1.61,1.65,1.55,1.59
10/03/2019,1.75,1.78,1.72,1.75,1.67,1.70,1.62,1.66,1.55,1.59
10/02/2019,1.72,1.75,1.71,1.74,1.75,1.79,1.71,1.75,1.63,1.68
10/01/2019,1.76,1.79,1.73,1.76,1.78,1.82,1.76,1.81,1.69,1.74
09/30/2019,1.88,1.91,1.83,1.87,1.84,1.88,1.78,1.83,1.71,1.76
09/27/2019,1.87,1.90,1.83,1.87,1.76,1.80,1.80,1.85,1.70,1.75
09/26/2019,1.88,1.91,1.86,1.90,1.79,1.83,1.83,1.88,1.74,1.79
09/25/2019,1.76,1.79,1.82,1.86,1.85,1.89,1.85,1.90,1.77,1.82
09/24/2019,1.87,1.90,1.86,1.90,1.88,1.92,1.86,1.91,1.74,1.79
09/23/2019,1.91,1.94,1.90,1.94,1.90,1.94,1.88,1.93,1.76,1.81
09/20/2019,1.92,1.95,1.90,1.94,1.87,1.91,1.86,1.91,1.79,1.84
09/19/2019,1.97,2.01,1.95,1.99,1.89,1.93,1.87,1.92,1.83,1.89
09/18/2019,1.91,1.94,1.89,1.93,1.91,1.95,1.86,1.91,1.82,1.88
09/17/2019,2.06,2.10,2.03,2.07,1.95,1.99,1.88,1.93,1.82,1.88
09/16/2019,2.05,2.09,1.98,2.02,1.95,1.99,1.88,1.93,1.81,1.87
09/13/2019,1.95,1.99,1.94,1.98,1.92,1.96,1.87,1.92,1.82,1.88
09/12/2019,1.95,1.99,1.93,1.97,1.91,1.95,1.85,1.90,1.77,1.82
09/11/2019,1.98,2.02,1.94,1.98,1.92,1.96,1.83,1.88,1.74,1.79
09/10/2019,2.01,2.05,1.96,2.00,1.91,1.95,1.84,1.89,1.76,1.81
09/09/2019,2.01,2.05,1.96,2.00,1.92,1.96,1.82,1.87,1.71,1.76
09/06/2019,2.01,2.05,1.96,2.00,1.92,1.96,1.83,1.88,1.70,1.75
09/05/2019,2.01,2.05,1.97,2.01,1.93,1.97,1.83,1.88,1.70,1.75
09/04/2019,2.01,2.05,1.99,2.03,1.93,1.97,1.82,1.87,1.66,1.71
09/03/2019,2.03,2.07,1.98,2.02,1.94,1.98,1.83,1.88,1.69,1.74
08/30/2019,2.06,2.10,2.00,2.04,1.95,1.99,1.84,1.89,1.72,1.77
08/29/2019,2.06,2.10,1.99,2.03,1.95,1.99,1.84,1.89,1.71,1.76
08/28/2019,2.03,2.07,2.01,2.05,1.95,1.99,1.84,1.89,1.70,1.75
08/27/2019,2.04,2.08,2.00,2.04,1.94,1.98,1.89,1.94,1.73,1.78
08/26/2019,2.06,2.10,1.99,2.03,1.96,2.00,1.85,1.90,1.71,1.76
08/23/2019,2.03,2.07,1.98,2.02,1.93,1.97,1.83,1.88,1.69,1.74
08/22/2019,2.06,2.10,1.98,2.02,1.96,2.00,1.86,1.91,1.74,1.79
08/21/2019,2.01,2.05,1.94,1.98,1.93,1.97,1.85,1.90,1.72,1.77
08/20/2019,2.03,2.07,1.92,1.96,1.90,1.94,1.84,1.89,1.68,1.73
08/19/2019,2.03,2.07,1.93,1.97,1.90,1.94,1.85,1.90,1.70,1.75
08/16/2019,2.01,2.05,1.92,1.96,1.83,1.87,1.80,1.85,1.66,1.71
08/15/2019,2.04,2.08,1.93,1.97,1.87,1.91,1.81,1.86,1.67,1.72
08/14/2019,1.95,1.99,1.94,1.98,1.92,1.96,1.87,1.92,1.74,1.79
08/13/2019,2.01,2.05,2.00,2.04,1.96,2.00,1.91,1.96,1.80,1.86
08/12/2019,2.05,2.09,2.03,2.07,1.96,2.00,1.89,1.94,1.72,1.77
08/09/2019,2.01,2.05,2.02,2.06,1.96,2.00,1.90,1.95,1.74,1.79
08/08/2019,2.05,2.09,2.03,2.07,1.98,2.02,1.91,1.96,1.75,1.80
08/07/2019,1.98,2.02,2.00,2.04,1.98,2.02,1.90,1.95,1.72,1.77
08/06/2019,2.01,2.05,2.04,2.08,2.01,2.05,1.95,2.00,1.76,1.81
08/05/2019,2.03,2.07,2.04,2.08,2.00,2.04,1.94,1.99,1.74,1.79
08/02/2019,2.07,2.11,2.08,2.12,2.02,2.06,1.97,2.02,1.81,1.86
08/01/2019,2.07,2.11,2.10,2.14,2.03,2.07,1.99,2.04,1.83,1.89
07/31/2019,1.96,2.00,2.02,2.06,2.04,2.08,2.04,2.10,1.94,2.00
07/30/2019,2.03,2.07,2.06,2.10,2.04,2.08,2.02,2.07,1.92,1.98
07/29/2019,2.08,2.12,2.12,2.16,2.07,2.12,2.04,2.10,1.93,1.99
07/26/2019,2.09,2.13,2.11,2.15,2.08,2.13,2.05,2.11,1.94,2.00
07/25/2019,2.12,2.16,2.13,2.17,2.06,2.11,2.03,2.09,1.93,1.99
07/24/2019,2.05,2.09,2.10,2.14,2.05,2.10,2.03,2.09,1.92,1.98
07/23/2019,2.07,2.11,2.12,2.16,2.02,2.06,2.03,2.09,1.91,1.97
07/22/2019,2.09,2.13,2.12,2.16,2.04,2.08,2.02,2.07,1.89,1.95
07/19/2019,2.07,2.11,2.12,2.16,2.02,2.06,1.98,2.03,1.88,1.94
07/18/2019,2.07,2.11,2.08,2.12,2.01,2.05,1.96,2.01,1.84,1.90
07/17/2019,2.09,2.13,2.10,2.14,2.09,2.14,1.99,2.04,1.89,1.95
07/16/2019,2.12,2.16,2.13,2.17,2.10,2.15,2.01,2.06,1.94,2.00
07/15/2019,2.13,2.17,2.15,2.19,2.11,2.16,2.00,2.05,1.90,1.96
07/12/2019,2.12,2.16,2.14,2.18,2.10,2.15,2.02,2.07,1.91,1.97
07/11/2019,2.13,2.17,2.13,2.17,2.12,2.17,2.03,2.09,1.92,1.98
07/10/2019,2.14,2.18,2.13,2.17,2.15,2.20,2.02,2.07,1.88,1.94
07/09/2019,2.18,2.22,2.19,2.23,2.21,2.26,2.09,2.15,1.95,2.01
07/08/2019,2.19,2.23,2.19,2.23,2.21,2.26,2.08,2.14,1.94,2.00
07/05/2019,2.22,2.26,2.18,2.22,2.18,2.23,2.09,2.15,1.93,1.99
07/03/2019,2.21,2.25,2.16,2.20,2.16,2.21,2.03,2.09,1.86,1.92
07/02/2019,2.18,2.22,2.13,2.17,2.15,2.20,2.03,2.09,1.86,1.92
07/01/2019,2.13,2.17,2.11,2.15,2.16,2.21,2.04,2.10,1.89,1.95
06/28/2019,2.14,2.18,2.11,2.15,2.08,2.13,2.04,2.10,1.87,1.93
06/27/2019,2.15,2.19,2.11,2.15,2.09,2.14,2.06,2.12,1.88,1.94
06/26/2019,2.07,2.11,2.08,2.12,2.10,2.15,2.06,2.12,1.91,1.97
06/25/2019,2.07,2.11,2.08,2.12,2.07,2.12,2.04,2.10,1.88,1.94
06/24/2019,2.08,2.12,2.09,2.13,2.08,2.13,2.04,2.10,1.87,1.93
06/21/2019,2.12,2.16,2.12,2.16,2.07,2.12,2.00,2.05,1.89,1.95
06/20/2019,2.13,2.17,2.11,2.15,2.09,2.14,1.99,2.04,1.85,1.91
06/19/2019,2.10,2.14,2.13,2.17,2.13,2.18,2.05,2.11,1.90,1.96
06/18/2019,2.14,2.18,2.15,2.19,2.17,2.22,2.14,2.20,1.98,2.04
06/17/2019,2.18,2.22,2.17,2.21,2.18,2.23,2.14,2.20,1.99,2.05
06/14/2019,2.19,2.23,2.17,2.21,2.15,2.20,2.12,2.18,1.95,2.01
06/13/2019,2.20,2.24,2.19,2.23,2.14,2.19,2.12,2.18,1.95,2.01
06/12/2019,2.15,2.19,2.17,2.21,2.19,2.24,2.14,2.20,1.97,2.03
06/11/2019,2.23,2.27,2.22,2.26,2.22,2.27,2.15,2.21,2.00,2.06
06/10/2019,2.26,2.30,2.26,2.31,2.24,2.29,2.15,2.21,1.98,2.04
06/07/2019,2.26,2.30,2.28,2.33,2.23,2.28,2.10,2.16,1.92,1.98
06/06/2019,2.28,2.32,2.30,2.35,2.28,2.33,2.16,2.22,1.97,2.03
06/05/2019,2.26,2.30,2.30,2.35,2.30,2.35,2.19,2.25,1.99,2.05
06/04/2019,2.30,2.34,2.31,2.36,2.30,2.35,2.23,2.29,2.06,2.13
06/03/2019,2.32,2.36,2.31,2.36,2.30,2.35,2.24,2.30,2.06,2.13
05/31/2019,2.31,2.35,2.33,2.38,2.30,2.35,2.29,2.35,2.15,2.22
05/30/2019,2.33,2.37,2.33,2.38,2.33,2.38,2.33,2.40,2.22,2.29
05/29/2019,2.31,2.35,2.31,2.36,2.32,2.37,2.31,2.38,2.23,2.31
05/28/2019,2.31,2.35,2.31,2.36,2.32,2.37,2.31,2.38,2.24,2.32
05/24/2019,2.33,2.37,2.33,2.38,2.30,2.35,2.32,2.39,2.25,2.33
05/23/2019,2.34,2.38,2.33,2.38,2.32,2.37,2.33,2.40,2.24,2.32
05/22/2019,2.32,2.36,2.32,2.37,2.33,2.38,2.34,2.41,2.29,2.37
05/21/2019,2.33,2.37,2.33,2.38,2.34,2.39,2.35,2.42,2.28,2.36
05/20/2019,2.35,2.39,2.34,2.39,2.34,2.39,2.35,2.42,2.27,2.35
05/17/2019,2.35,2.39,2.35,2.40,2.34,2.39,2.35,2.42,2.26,2.34
05/16/2019,2.36,2.40,2.36,2.41,2.35,2.40,2.36,2.43,2.26,2.34
05/15/2019,2.36,2.40,2.36,2.41,2.37,2.42,2.36,2.43,2.24,2.31
05/14/2019,2.37,2.41,2.37,2.42,2.36,2.41,2.36,2.43,2.25,2.33
05/13/2019,2.37,2.41,2.37,2.42,2.36,2.41,2.35,2.42,2.25,2.33
05/10/2019,2.38,2.42,2.38,2.43,2.38,2.43,2.38,2.45,2.29,2.37
05/09/2019,2.39,2.43,2.38,2.43,2.38,2.43,2.39,2.46,2.29,2.37
05/08/2019,2.38,2.42,2.38,2.43,2.38,2.43,2.38,2.45,2.30,2.38
05/07/2019,2.39,2.43,2.39,2.44,2.38,2.43,2.39,2.46,2.30,2.38
05/06/2019,2.39,2.43,2.39,2.44,2.39,2.44,2.39,2.46,2.31,2.39
05/03/2019,2.38,2.42,2.39,2.44,2.38,2.43,2.39,2.46,2.33,2.41
05/02/2019,2.40,2.44,2.41,2.46,2.41,2.47,2.39,2.46,2.33,2.41
05/01/2019,2.38,2.42,2.36,2.41,2.38,2.43,2.37,2.44,2.31,2.39
04/30/2019,2.38,2.42,2.39,2.44,2.38,2.43,2.39,2.46,2.31,2.39
04/29/2019,2.41,2.45,2.40,2.45,2.39,2.44,2.40,2.47,2.34,2.42
04/26/2019,2.38,2.42,2.38,2.43,2.37,2.42,2.39,2.46,2.33,2.41
04/25/2019,2.39,2.43,2.39,2.44,2.38,2.43,2.39,2.46,2.34,2.42
04/24/2019,2.38,2.42,2.38,2.43,2.39,2.44,2.39,2.46,2.34,2.42
04/23/2019,2.39,2.43,2.39,2.44,2.40,2.45,2.39,2.46,2.35,2.43
04/22/2019,2.40,2.44,2.39,2.44,2.39,2.44,2.40,2.47,2.38,2.46
04/18/2019,2.40,2.44,2.39,2.44,2.37,2.42,2.40,2.47,2.36,2.44
04/17/2019,2.38,2.42,2.39,2.44,2.39,2.44,2.40,2.47,2.36,2.44
04/16/2019,2.39,2.43,2.39,2.44,2.38,2.43,2.40,2.47,2.37,2.45
04/15/2019,2.38,2.42,2.38,2.43,2.38,2.43,2.39,2.46,2.35,2.43
04/12/2019,2.37,2.41,2.38,2.43,2.39,2.44,2.40,2.47,2.36,2.44
04/11/2019,2.38,2.42,2.38,2.43,2.38,2.43,2.39,2.46,2.36,2.44
04/10/2019,2.36,2.40,2.36,2.41,2.38,2.43,2.39,2.46,2.33,2.41
04/09/2019,2.38,2.42,2.38,2.43,2.37,2.42,2.39,2.46,2.34,2.42
04/08/2019,2.39,2.43,2.39,2.44,2.38,2.43,2.41,2.48,2.35,2.43
04/05/2019,2.38,2.42,2.38,2.43,2.39,2.44,2.39,2.46,2.35,2.43
04/04/2019,2.39,2.43,2.38,2.43,2.39,2.44,2.39,2.46,2.33,2.41
04/03/2019,2.38,2.42,2.38,2.43,2.39,2.44,2.38,2.45,2.33,2.41
04/02/2019,2.39,2.43,2.37,2.42,2.37,2.42,2.38,2.45,2.33,2.41
04/01/2019,2.38,2.42,2.38,2.43,2.38,2.43,2.39,2.46,2.33,2.41
03/29/2019,2.39,2.43,2.39,2.44,2.35,2.40,2.37,2.44,2.32,2.40
03/28/2019,2.40,2.44,2.40,2.45,2.38,2.43,2.37,2.44,2.32,2.40
03/27/2019,2.41,2.45,2.38,2.43,2.39,2.44,2.39,2.46,2.32,2.40
03/26/2019,2.42,2.46,2.39,2.44,2.41,2.47,2.42,2.49,2.36,2.44
03/25/2019,2.42,2.46,2.42,2.47,2.41,2.47,2.42,2.49,2.35,2.42
03/22/2019,2.44,2.49,2.43,2.48,2.41,2.46,2.41,2.48,2.38,2.45
03/21/2019,2.46,2.51,2.42,2.47,2.43,2.49,2.43,2.50,2.41,2.49
03/20/2019,2.41,2.45,2.40,2.45,2.42,2.48,2.42,2.49,2.40,2.48
03/19/2019,2.41,2.45,2.42,2.47,2.41,2.47,2.45,2.52,2.42,2.50
03/18/2019,2.43,2.48,2.41,2.46,2.39,2.44,2.44,2.51,2.44,2.52
03/15/2019,2.42,2.46,2.41,2.46,2.40,2.45,2.45,2.52,2.44,2.52
03/14/2019,2.43,2.48,2.41,2.46,2.40,2.45,2.45,2.52,2.44,2.52
03/13/2019,2.39,2.43,2.39,2.44,2.40,2.45,2.46,2.53,2.45,2.53
03/12/2019,2.39,2.43,2.41,2.46,2.41,2.47,2.46,2.53,2.44,2.52
03/11/2019,2.40,2.44,2.40,2.45,2.41,2.47,2.47,2.54,2.45,2.53
03/08/2019,2.41,2.45,2.41,2.46,2.41,2.46,2.45,2.52,2.45,2.53
03/07/2019,2.41,2.45,2.41,2.46,2.40,2.45,2.45,2.52,2.44,2.52
03/06/2019,2.38,2.42,2.39,2.44,2.41,2.47,2.46,2.53,2.46,2.54
03/05/2019,2.39,2.43,2.40,2.45,2.41,2.47,2.46,2.53,2.46,2.54
03/04/2019,2.40,2.44,2.41,2.46,2.41,2.47,2.47,2.54,2.46,2.54
03/01/2019,2.40,2.44,2.41,2.46,2.39,2.44,2.45,2.51,2.47,2.55
02/28/2019,2.40,2.44,2.42,2.47,2.40,2.45,2.44,2.50,2.46,2.54
02/27/2019,2.39,2.43,2.40,2.44,2.40,2.45,2.46,2.53,2.46,2.54
02/26/2019,2.39,2.43,2.40,2.44,2.40,2.45,2.45,2.52,2.47,2.55
02/25/2019,2.40,2.44,2.42,2.46,2.42,2.47,2.45,2.52,2.48,2.56
02/22/2019,2.39,2.43,2.41,2.45,2.41,2.46,2.45,2.51,2.47,2.55
02/21/2019,2.39,2.43,2.40,2.44,2.40,2.45,2.45,2.52,2.47,2.55
02/20/2019,2.37,2.41,2.38,2.42,2.40,2.45,2.45,2.52,2.46,2.54
02/19/2019,2.40,2.44,2.38,2.42,2.41,2.46,2.46,2.53,2.46,2.54
02/15/2019,2.39,2.43,2.39,2.43,2.38,2.43,2.44,2.50,2.47,2.55
02/14/2019,2.41,2.45,2.39,2.43,2.38,2.43,2.45,2.52,2.45,2.53
02/13/2019,2.38,2.42,2.38,2.42,2.39,2.44,2.45,2.52,2.47,2.55
02/12/2019,2.38,2.42,2.39,2.43,2.38,2.43,2.44,2.50,2.47,2.55
02/11/2019,2.40,2.44,2.40,2.44,2.40,2.45,2.45,2.52,2.47,2.55
02/08/2019,2.39,2.43,2.39,2.43,2.38,2.43,2.43,2.49,2.46,2.54
02/07/2019,2.39,2.43,2.39,2.43,2.37,2.42,2.43,2.49,2.47,2.55
02/06/2019,2.36,2.40,2.37,2.41,2.37,2.42,2.44,2.50,2.48,2.56
02/05/2019,2.35,2.39,2.36,2.40,2.37,2.42,2.44,2.50,2.48,2.56
02/04/2019,2.37,2.41,2.37,2.41,2.37,2.42,2.43,2.49,2.49,2.57
02/01/2019,2.37,2.41,2.38,2.42,2.35,2.40,2.40,2.46,2.48,2.56
01/31/2019,2.38,2.42,2.39,2.43,2.36,2.41,2.40,2.46,2.47,2.55
01/30/2019,2.36,2.40,2.35,2.39,2.37,2.42,2.44,2.50,2.49,2.57
01/29/2019,2.35,2.39,2.37,2.41,2.37,2.42,2.45,2.52,2.52,2.60
01/28/2019,2.35,2.39,2.37,2.41,2.37,2.42,2.45,2.52,2.52,2.60
01/25/2019,2.32,2.36,2.37,2.41,2.34,2.39,2.45,2.51,2.52,2.60
01/24/2019,2.34,2.38,2.37,2.41,2.32,2.37,2.44,2.50,2.50,2.58
01/23/2019,2.33,2.37,2.34,2.38,2.36,2.41,2.45,2.52,2.51,2.59
01/22/2019,2.34,2.38,2.36,2.40,2.38,2.43,2.45,2.52,2.51,2.59
01/18/2019,2.36,2.40,2.36,2.40,2.36,2.41,2.44,2.50,2.52,2.60
01/17/2019,2.37,2.41,2.37,2.41,2.37,2.42,2.44,2.50,2.49,2.57
01/16/2019,2.37,2.41,2.36,2.40,2.38,2.43,2.43,2.49,2.49,2.57
01/15/2019,2.37,2.41,2.39,2.43,2.40,2.45,2.46,2.53,2.49,2.57
01/14/2019,2.38,2.42,2.39,2.43,2.40,2.45,2.46,2.53,2.49,2.57
01/11/2019,2.37,2.41,2.39,2.43,2.38,2.43,2.44,2.50,2.50,2.58
01/10/2019,2.38,2.42,2.38,2.42,2.38,2.43,2.45,2.52,2.51,2.59
01/09/2019,2.36,2.40,2.38,2.42,2.40,2.45,2.46,2.53,2.51,2.59
01/08/2019,2.36,2.40,2.38,2.42,2.41,2.46,2.48,2.55,2.52,2.60
01/07/2019,2.38,2.42,2.38,2.42,2.41,2.46,2.48,2.55,2.50,2.58
01/04/2019,2.36,2.40,2.38,2.42,2.37,2.42,2.45,2.51,2.49,2.57
01/03/2019,2.38,2.42,2.38,2.42,2.36,2.41,2.41,2.47,2.42,2.50
01/02/2019,2.36,2.40,2.36,2.40,2.37,2.42,2.45,2.52,2.52,2.60
12/31/2018,2.40,2.44,2.41,2.45,2.40,2.45,2.50,2.57,2.54,2.63
12/28/2018,2.35,2.39,2.43,2.47,2.35,2.40,2.42,2.48,2.51,2.59
12/27/2018,2.39,2.43,2.42,2.46,2.36,2.41,2.43,2.49,2.50,2.58
12/26/2018,2.37,2.41,2.38,2.42,2.39,2.44,2.47,2.54,2.53,2.61
12/24/2018,2.38,2.42,2.38,2.42,2.41,2.46,2.46,2.53,2.53,2.61
12/21/2018,2.37,2.41,2.38,2.42,2.34,2.39,2.47,2.54,2.54,2.62
12/20/2018,2.38,2.42,2.38,2.42,2.34,2.39,2.48,2.55,2.55,2.63
12/19/2018,2.30,2.34,2.35,2.39,2.35,2.40,2.47,2.54,2.54,2.62
12/18/2018,2.30,2.34,2.35,2.39,2.34,2.39,2.47,2.54,2.55,2.63
12/17/2018,2.32,2.36,2.35,2.39,2.36,2.41,2.48,2.55,2.57,2.66
12/14/2018,2.32,2.36,2.37,2.41,2.37,2.42,2.49,2.56,2.59,2.68
12/13/2018,2.32,2.36,2.36,2.40,2.38,2.43,2.49,2.56,2.60,2.69
12/12/2018,2.25,2.28,2.32,2.36,2.39,2.44,2.49,2.56,2.61,2.70
12/11/2018,2.24,2.27,2.31,2.35,2.37,2.42,2.49,2.56,2.61,2.70
12/10/2018,2.28,2.32,2.34,2.38,2.37,2.42,2.48,2.55,2.60,2.69
12/07/2018,2.28,2.32,2.36,2.40,2.35,2.40,2.47,2.54,2.59,2.68
12/06/2018,2.32,2.36,2.38,2.42,2.36,2.41,2.49,2.56,2.61,2.70
12/04/2018,2.33,2.37,2.37,2.41,2.38,2.43,2.51,2.58,2.62,2.71
12/03/2018,2.25,2.28,2.29,2.33,2.34,2.39,2.50,2.57,2.62,2.71
11/30/2018,2.27,2.30,2.28,2.32,2.32,2.37,2.46,2.52,2.60,2.69
11/29/2018,2.27,2.31,2.29,2.33,2.32,2.37,2.46,2.53,2.59,2.68
11/28/2018,2.27,2.31,2.32,2.36,2.35,2.40,2.47,2.54,2.59,2.68
11/27/2018,2.27,2.31,2.32,2.36,2.36,2.41,2.47,2.54,2.60,2.69
11/26/2018,2.16,2.19,2.28,2.32,2.37,2.42,2.48,2.55,2.60,2.69
11/23/2018,2.19,2.22,2.29,2.33,2.36,2.41,2.46,2.52,2.58,2.67
11/21/2018,2.20,2.23,2.29,2.33,2.36,2.41,2.46,2.53,2.58,2.67
11/20/2018,2.19,2.22,2.30,2.34,2.34,2.39,2.45,2.52,2.58,2.67
11/19/2018,2.16,2.19,2.26,2.30,2.34,2.39,2.46,2.53,2.57,2.66
11/16/2018,2.15,2.18,2.26,2.30,2.31,2.36,2.44,2.50,2.59,2.68
11/15/2018,2.14,2.17,2.27,2.31,2.32,2.37,2.45,2.52,2.61,2.70
11/14/2018,2.19,2.22,2.28,2.32,2.33,2.38,2.46,2.53,2.62,2.71
11/13/2018,2.20,2.23,2.27,2.31,2.34,2.39,2.47,2.54,2.63,2.72
11/09/2018,2.16,2.19,2.25,2.29,2.31,2.36,2.46,2.52,2.64,2.73
11/08/2018,2.17,2.20,2.24,2.28,2.30,2.35,2.46,2.53,2.65,2.74
11/07/2018,2.19,2.22,2.24,2.28,2.32,2.37,2.45,2.52,2.65,2.74
11/06/2018,2.20,2.23,2.24,2.28,2.31,2.36,2.46,2.53,2.63,2.72
11/05/2018,2.15,2.18,2.23,2.27,2.32,2.37,2.45,2.52,2.60,2.69
11/02/2018,2.15,2.18,2.23,2.27,2.28,2.32,2.44,2.50,2.60,2.69
11/01/2018,2.17,2.20,2.23,2.27,2.27,2.31,2.43,2.49,2.57,2.65
10/31/2018,2.16,2.19,2.21,2.25,2.29,2.34,2.43,2.49,2.59,2.68
10/30/2018,2.17,2.20,2.21,2.25,2.29,2.34,2.42,2.48,2.56,2.64
10/29/2018,2.14,2.17,2.14,2.18,2.30,2.35,2.43,2.49,2.55,2.63
10/26/2018,2.13,2.16,2.15,2.19,2.28,2.32,2.41,2.47,2.54,2.62
10/25/2018,2.16,2.19,2.18,2.22,2.29,2.34,2.41,2.47,2.56,2.64
10/24/2018,2.17,2.20,2.18,2.22,2.29,2.34,2.41,2.47,2.55,2.63
10/23/2018,2.18,2.21,2.18,2.22,2.29,2.34,2.42,2.48,2.57,2.66
10/22/2018,2.14,2.17,2.18,2.22,2.30,2.35,2.43,2.49,2.58,2.67
10/19/2018,2.15,2.18,2.18,2.22,2.26,2.30,2.42,2.48,2.58,2.67
10/18/2018,2.16,2.19,2.18,2.22,2.27,2.31,2.41,2.47,2.58,2.67
10/17/2018,2.17,2.20,2.18,2.22,2.27,2.31,2.41,2.47,2.57,2.66
10/16/2018,2.16,2.19,2.17,2.21,2.26,2.30,2.40,2.46,2.57,2.66
10/15/2018,2.12,2.15,,,2.27,2.31,2.41,2.47,2.58,2.67
10/12/2018,2.10,2.13,,,2.23,2.27,2.38,2.44,2.57,2.66
10/11/2018,2.10,2.13,,,2.22,2.26,2.38,2.44,2.57,2.66
10/10/2018,2.14,2.17,,,2.23,2.27,2.39,2.45,2.58,2.67
10/09/2018,2.14,2.17,,,2.21,2.25,2.40,2.46,2.56,2.65
10/05/2018,2.12,2.15,,,2.18,2.22,2.35,2.41,2.54,2.62
10/04/2018,2.13,2.16,,,2.18,2.22,2.36,2.42,2.53,2.61
10/03/2018,2.12,2.15,,,2.19,2.23,2.35,2.41,2.52,2.60
10/02/2018,2.11,2.14,,,2.19,2.23,2.35,2.41,2.51,2.59
10/01/2018,2.09,2.12,,,2.19,2.23,2.34,2.40,2.50,2.58
09/28/2018,2.09,2.12,,,2.15,2.19,2.30,2.36,2.49,2.57
09/27/2018,2.07,2.10,,,2.14,2.18,2.31,2.37,2.49,2.57
09/26/2018,2.08,2.11,,,2.16,2.20,2.31,2.37,2.49,2.57
09/25/2018,2.09,2.12,,,2.17,2.21,2.32,2.38,2.50,2.58
09/24/2018,2.02,2.05,,,2.18,2.22,2.33,2.39,2.51,2.59
09/21/2018,2.01,2.04,,,2.14,2.18,2.32,2.38,2.49,2.57
09/20/2018,1.99,2.02,,,2.13,2.17,2.31,2.37,2.49,2.57
09/19/2018,2.00,2.03,,,2.12,2.16,2.30,2.36,2.49,2.57
09/18/2018,2.02,2.05,,,2.13,2.17,2.31,2.37,2.49,2.57
09/17/2018,1.97,2.00,,,2.13,2.17,2.30,2.36,2.48,2.56
09/14/2018,1.98,2.01,,,2.12,2.16,2.27,2.33,2.48,2.56
09/13/2018,1.97,2.00,,,2.11,2.15,2.27,2.33,2.47,2.55
09/12/2018,1.98,2.01,,,2.12,2.16,2.27,2.33,2.48,2.56
09/11/2018,1.99,2.02,,,2.11,2.15,2.26,2.32,2.47,2.55
09/10/2018,1.93,1.96,,,2.11,2.15,2.27,2.33,2.44,2.52
09/07/2018,1.94,1.97,,,2.10,2.14,2.24,2.30,2.43,2.51
09/06/2018,1.94,1.97,,,2.09,2.13,2.24,2.30,2.41,2.49
09/05/2018,1.97,2.00,,,2.10,2.14,2.25,2.31,2.40,2.48
09/04/2018,1.97,2.00,,,2.09,2.13,2.24,2.30,2.40,2.48
08/31/2018,1.91,1.94,,,2.07,2.11,2.22,2.28,2.38,2.46
08/30/2018,1.93,1.96,,,2.07,2.11,2.22,2.28,2.38,2.46
08/29/2018,1.93,1.96,,,2.09,2.13,2.22,2.28,2.39,2.47
08/28/2018,1.93,1.96,,,2.09,2.13,2.22,2.28,2.38,2.46
08/27/2018,1.91,1.94,,,2.08,2.12,2.20,2.26,2.38,2.46
08/24/2018,1.91,1.94,,,2.05,2.09,2.19,2.24,2.36,2.44
08/23/2018,1.90,1.93,,,2.04,2.08,2.17,2.22,2.35,2.42
08/22/2018,1.92,1.95,,,2.05,2.09,2.18,2.23,2.35,2.43
08/21/2018,1.91,1.94,,,2.04,2.08,2.19,2.25,2.37,2.45
08/20/2018,1.89,1.92,,,2.03,2.07,2.20,2.26,2.35,2.43
08/17/2018,1.92,1.95,,,2.01,2.05,2.18,2.23,2.36,2.44
08/16/2018,1.92,1.95,,,2.03,2.07,2.18,2.23,2.37,2.45
08/15/2018,1.93,1.96,,,2.03,2.07,2.17,2.22,2.37,2.45
08/14/2018,1.93,1.96,,,2.04,2.08,2.19,2.25,2.36,2.44
08/13/2018,1.89,1.92,,,2.03,2.07,2.17,2.22,2.33,2.40
08/10/2018,1.88,1.91,,,2.01,2.05,2.17,2.22,2.33,2.40
08/09/2018,1.87,1.90,,,2.02,2.06,2.19,2.25,2.35,2.42
08/08/2018,1.90,1.93,,,2.02,2.06,2.18,2.23,2.35,2.42
08/07/2018,1.93,1.96,,,2.02,2.06,2.18,2.23,2.36,2.43
08/06/2018,1.88,1.91,,,2.02,2.06,2.18,2.23,2.35,2.42
08/03/2018,1.87,1.90,,,1.97,2.01,2.17,2.22,2.35,2.42
08/02/2018,1.86,1.89,,,1.98,2.02,2.16,2.21,2.36,2.43
08/01/2018,1.90,1.93,,,1.99,2.03,2.16,2.21,2.36,2.43
07/31/2018,1.91,1.94,,,1.99,2.03,2.16,2.21,2.35,2.42
07/30/2018,1.87,1.90,,,2.01,2.05,2.16,2.21,2.35,2.42
07/27/2018,1.87,1.90,,,1.96,2.00,2.14,2.19,2.35,2.42
07/26/2018,1.86,1.89,,,1.95,1.99,2.13,2.18,2.33,2.40
07/25/2018,1.87,1.90,,,1.97,2.01,2.14,2.19,2.34,2.41
07/24/2018,1.89,1.92,,,1.98,2.02,2.14,2.19,2.34,2.41
07/23/2018,1.84,1.87,,,1.96,2.00,2.14,2.19,2.34,2.41
07/20/2018,1.82,1.85,,,1.95,1.99,2.10,2.15,2.33,2.40
07/19/2018,1.86,1.89,,,1.96,2.00,2.10,2.15,2.32,2.39
07/18/2018,1.87,1.90,,,1.96,2.00,2.12,2.17,2.35,2.43
07/17/2018,1.90,1.93,,,1.98,2.02,2.14,2.19,2.32,2.39
07/16/2018,1.86,1.89,,,1.98,2.02,2.14,2.19,2.30,2.37
07/13/2018,1.84,1.87,,,1.94,1.98,2.10,2.15,2.28,2.35
07/12/2018,1.86,1.89,,,1.94,1.98,2.11,2.16,2.30,2.37
07/11/2018,1.86,1.89,,,1.93,1.97,2.09,2.14,2.27,2.34
07/10/2018,1.85,1.88,,,1.95,1.99,2.10,2.15,2.27,2.34
07/09/2018,1.83,1.86,,,1.95,1.99,2.10,2.15,2.26,2.33
07/06/2018,1.82,1.85,,,1.93,1.97,2.07,2.12,2.26,2.33
07/05/2018,1.84,1.87,,,1.92,1.96,2.06,2.11,2.24,2.31
07/03/2018,1.88,1.91,,,1.94,1.98,2.07,2.12,2.25,2.32
07/02/2018,1.87,1.90,,,1.95,1.99,2.09,2.14,2.26,2.33
06/29/2018,1.73,1.76,,,1.89,1.93,2.06,2.11,2.25,2.32
06/28/2018,1.73,1.76,,,1.89,1.93,2.06,2.11,2.25,2.32
06/27/2018,1.76,1.79,,,1.89,1.93,2.05,2.10,2.25,2.32
06/26/2018,1.76,1.79,,,1.90,1.94,2.09,2.14,2.26,2.33
06/25/2018,1.76,1.79,,,1.90,1.94,2.08,2.13,2.27,2.34
06/22/2018,1.80,1.83,,,1.89,1.93,2.06,2.11,2.26,2.33
06/21/2018,1.82,1.85,,,1.90,1.94,2.07,2.12,2.27,2.34
06/20/2018,1.82,1.85,,,1.90,1.94,2.09,2.14,2.29,2.36
06/19/2018,1.82,1.85,,,1.91,1.95,2.08,2.13,2.27,2.34
06/18/2018,1.80,1.83,,,1.91,1.95,2.08,2.13,2.26,2.33
06/15/2018,1.79,1.82,,,1.90,1.94,2.02,2.07,2.25,2.32
06/14/2018,1.78,1.81,,,1.90,1.94,2.02,2.07,2.25,2.32
06/13/2018,1.79,1.82,,,1.90,1.94,2.04,2.09,2.26,2.33
06/12/2018,1.78,1.81,,,1.89,1.93,2.05,2.10,2.23,2.30
06/11/2018,1.78,1.81,,,1.91,1.95,2.06,2.11,2.24,2.31
06/08/2018,1.75,1.78,,,1.89,1.93,2.07,2.12,2.22,2.29
06/07/2018,1.75,1.78,,,1.90,1.94,2.07,2.12,2.23,2.30
06/06/2018,1.78,1.81,,,1.91,1.95,2.08,2.13,2.24,2.31
06/05/2018,1.79,1.82,,,1.91,1.95,2.08,2.13,2.24,2.31
06/04/2018,1.72,1.75,,,1.91,1.95,2.08,2.13,2.22,2.29
06/01/2018,1.70,1.73,,,1.88,1.91,2.05,2.10,2.21,2.28
05/31/2018,1.73,1.76,,,1.89,1.93,2.03,2.08,2.16,2.23
05/30/2018,1.74,1.77,,,1.90,1.94,2.03,2.08,2.16,2.23
05/29/2018,1.74,1.77,,,1.90,1.94,2.01,2.06,2.10,2.16
05/25/2018,1.66,1.68,,,1.86,1.89,2.02,2.07,2.20,2.27
05/24/2018,1.70,1.73,,,1.87,1.90,2.04,2.09,2.21,2.28
05/23/2018,1.73,1.76,,,1.88,1.92,2.06,2.11,2.22,2.29
05/22/2018,1.70,1.73,,,1.90,1.94,2.08,2.13,2.27,2.34
05/21/2018,1.65,1.67,,,1.90,1.94,2.09,2.14,2.26,2.33
05/18/2018,1.64,1.66,,,1.87,1.90,2.04,2.09,2.23,2.30
05/17/2018,1.66,1.69,,,1.88,1.92,2.05,2.10,2.23,2.30
05/16/2018,1.66,1.69,,,1.88,1.92,2.04,2.09,2.23,2.30
05/15/2018,1.66,1.69,,,1.89,1.93,2.04,2.09,2.22,2.29
05/14/2018,1.64,1.66,,,1.90,1.94,2.04,2.09,2.20,2.27
05/11/2018,1.63,1.65,,,1.88,1.91,2.01,2.06,2.20,2.27
05/10/2018,1.65,1.67,,,1.86,1.89,2.00,2.05,2.19,2.26
05/09/2018,1.65,1.68,,,1.85,1.88,2.00,2.05,2.19,2.26
05/08/2018,1.66,1.69,,,1.84,1.87,2.00,2.05,2.18,2.25
05/07/2018,1.64,1.66,,,1.83,1.86,2.00,2.05,2.17,2.24
05/04/2018,1.63,1.65,,,1.80,1.83,1.98,2.03,2.17,2.24
05/03/2018,1.65,1.67,,,1.80,1.83,1.97,2.02,2.17,2.24
05/02/2018,1.66,1.69,,,1.81,1.84,1.98,2.03,2.17,2.24
05/01/2018,1.65,1.68,,,1.82,1.85,2.00,2.05,2.19,2.26
04/30/2018,1.60,1.62,,,1.84,1.87,1.99,2.04,2.17,2.24
04/27/2018,1.58,1.60,,,1.78,1.81,1.97,2.02,2.17,2.24
04/26/2018,1.59,1.61,,,1.79,1.82,1.97,2.02,2.18,2.25
04/25/2018,1.62,1.64,,,1.82,1.85,1.98,2.03,2.19,2.26
04/24/2018,1.67,1.70,,,1.84,1.87,2.00,2.05,2.18,2.25
04/23/2018,1.64,1.66,,,1.84,1.87,1.99,2.04,2.16,2.22
04/20/2018,1.62,1.64,,,1.78,1.81,1.96,2.01,2.14,2.20
04/19/2018,1.64,1.66,,,1.79,1.82,1.96,2.01,2.13,2.19
04/18/2018,1.64,1.66,,,1.78,1.81,1.96,2.01,2.09,2.15
04/17/2018,1.65,1.68,,,1.77,1.80,1.97,2.02,2.08,2.14
04/16/2018,1.60,1.62,,,1.76,1.79,1.94,1.99,2.05,2.11
04/13/2018,1.61,1.63,,,1.73,1.76,1.92,1.97,2.05,2.11
04/12/2018,1.62,1.64,,,1.72,1.75,1.90,1.94,2.04,2.10
04/11/2018,1.61,1.63,,,1.70,1.73,1.90,1.95,2.02,2.08
04/10/2018,1.61,1.63,,,1.71,1.74,1.89,1.93,2.02,2.08
04/09/2018,1.64,1.66,,,1.73,1.76,1.89,1.93,2.01,2.07
04/06/2018,1.65,1.67,,,1.70,1.73,1.86,1.90,2.00,2.06
04/05/2018,1.64,1.66,,,1.69,1.72,1.88,1.92,2.01,2.07
04/04/2018,1.65,1.68,,,1.68,1.71,1.86,1.90,2.01,2.07
04/03/2018,1.67,1.70,,,1.72,1.75,1.88,1.92,2.03,2.09
04/02/2018,1.65,1.67,,,1.74,1.77,1.88,1.92,2.02,2.08
03/29/2018,1.60,1.62,,,1.70,1.73,1.88,1.92,2.03,2.09
03/28/2018,1.62,1.64,,,1.70,1.73,1.90,1.95,2.06,2.12
03/27/2018,1.66,1.69,,,1.74,1.77,1.89,1.93,2.04,2.10
03/26/2018,1.68,1.71,,,1.76,1.79,1.90,1.95,1.99,2.05
03/23/2018,1.66,1.68,,,1.71,1.74,1.87,1.91,1.97,2.03
03/22/2018,1.65,1.67,,,1.69,1.72,1.90,1.94,1.98,2.04
03/21/2018,1.68,1.71,,,1.71,1.74,1.90,1.95,1.99,2.05
03/20/2018,1.73,1.76,,,1.78,1.81,1.92,1.97,2.01,2.07
03/19/2018,1.67,1.70,,,1.77,1.80,1.94,1.99,2.01,2.07
03/16/2018,1.68,1.71,,,1.75,1.78,1.91,1.95,2.01,2.07
03/15/2018,1.67,1.70,,,1.74,1.77,1.90,1.94,2.00,2.06
03/14/2018,1.68,1.71,,,1.73,1.76,1.89,1.93,1.98,2.04
03/13/2018,1.61,1.63,,,1.70,1.73,1.86,1.90,1.97,2.03
03/12/2018,1.56,1.58,,,1.68,1.71,1.85,1.89,1.98,2.04
03/09/2018,1.54,1.56,,,1.64,1.67,1.84,1.88,1.97,2.03
03/08/2018,1.54,1.56,,,1.64,1.67,1.84,1.88,1.99,2.05
03/07/2018,1.54,1.56,,,1.65,1.68,1.83,1.87,1.99,2.05
03/06/2018,1.54,1.56,,,1.65,1.68,1.83,1.87,2.00,2.06
03/05/2018,1.48,1.50,,,1.67,1.70,1.82,1.86,2.00,2.06
03/02/2018,1.47,1.49,,,1.62,1.65,1.81,1.85,2.00,2.06
03/01/2018,1.47,1.49,,,1.60,1.63,1.80,1.84,1.99,2.05
02/28/2018,1.48,1.50,,,1.63,1.66,1.82,1.86,2.01,2.07
02/27/2018,1.47,1.49,,,1.64,1.67,1.83,1.87,2.02,2.08
02/26/2018,1.35,1.37,,,1.65,1.68,1.83,1.87,1.96,2.02
02/23/2018,1.35,1.37,,,1.61,1.64,1.81,1.85,1.95,2.00
02/22/2018,1.32,1.34,,,1.61,1.64,1.80,1.84,1.95,2.01
02/21/2018,1.38,1.40,,,1.62,1.65,1.81,1.85,1.96,2.02
02/20/2018,1.37,1.39,,,1.64,1.67,1.83,1.87,1.94,1.99
02/16/2018,1.33,1.35,,,1.59,1.62,1.79,1.83,1.94,1.99
02/15/2018,1.28,1.30,,,1.56,1.59,1.78,1.82,1.93,1.98
02/14/2018,1.30,1.32,,,1.56,1.59,1.77,1.81,1.92,1.97
02/13/2018,1.32,1.34,,,1.57,1.60,1.76,1.80,1.89,1.94
02/12/2018,1.31,1.33,,,1.61,1.64,1.78,1.82,1.87,1.92
02/09/2018,1.29,1.31,,,1.53,1.56,1.69,1.73,1.83,1.88
02/08/2018,1.30,1.32,,,1.53,1.56,1.69,1.73,1.85,1.90
02/07/2018,1.34,1.36,,,1.53,1.56,1.69,1.73,1.85,1.90
02/06/2018,1.46,1.48,,,1.50,1.53,1.66,1.70,1.82,1.87
02/05/2018,1.37,1.39,,,1.49,1.52,1.64,1.68,1.80,1.85
02/02/2018,1.38,1.40,,,1.46,1.49,1.61,1.65,1.83,1.88
02/01/2018,1.39,1.41,,,1.46,1.49,1.61,1.65,1.84,1.89
01/31/2018,1.41,1.43,,,1.44,1.47,1.63,1.67,1.85,1.90
01/30/2018,1.47,1.49,,,1.42,1.44,1.63,1.67,1.83,1.88
01/29/2018,1.24,1.26,,,1.43,1.46,1.63,1.67,1.73,1.78
01/26/2018,1.21,1.23,,,1.39,1.41,1.60,1.64,1.73,1.78
01/25/2018,1.20,1.22,,,1.40,1.42,1.61,1.65,1.74,1.79
01/24/2018,1.23,1.25,,,1.41,1.43,1.60,1.64,1.73,1.78
01/23/2018,1.24,1.26,,,1.42,1.44,1.60,1.64,1.72,1.77
01/22/2018,1.23,1.25,,,1.43,1.46,1.62,1.66,1.73,1.78
01/19/2018,1.25,1.27,,,1.42,1.44,1.59,1.62,1.73,1.78
01/18/2018,1.26,1.28,,,1.43,1.46,1.60,1.64,1.73,1.78
01/17/2018,1.29,1.31,,,1.42,1.44,1.60,1.64,1.73,1.78
01/16/2018,1.31,1.33,,,1.43,1.46,1.60,1.64,1.73,1.78
01/12/2018,1.28,1.30,,,1.41,1.43,1.56,1.59,1.73,1.78
01/11/2018,1.29,1.31,,,1.41,1.43,1.55,1.58,1.72,1.77
01/10/2018,1.29,1.31,,,1.40,1.42,1.56,1.59,1.73,1.78
01/09/2018,1.25,1.27,,,1.42,1.44,1.57,1.60,1.73,1.78
01/08/2018,1.26,1.28,,,1.43,1.46,1.57,1.60,1.74,1.79
01/05/2018,1.24,1.26,,,1.37,1.39,1.55,1.58,1.75,1.80
01/04/2018,1.25,1.27,,,1.39,1.41,1.57,1.60,1.77,1.82
01/03/2018,1.27,1.29,,,1.39,1.41,1.56,1.59,1.76,1.81
01/02/2018,1.27,1.29,,,1.42,1.44,1.58,1.61,1.78,1.83
12/29/2017,1.25,1.27,1.37,1.39,1.50,1.53,1.70,1.74
12/28/2017,1.16,1.18,1.37,1.39,1.51,1.54,1.70,1.74
12/27/2017,1.15,1.17,1.42,1.44,1.50,1.53,1.69,1.73
12/26/2017,1.22,1.24,1.45,1.48,1.49,1.52,1.69,1.73
12/22/2017,1.12,1.14,1.31,1.33,1.51,1.54,1.68,1.72
12/21/2017,1.18,1.20,1.33,1.35,1.51,1.54,1.68,1.72
12/20/2017,1.20,1.22,1.36,1.38,1.48,1.51,1.67,1.71
12/19/2017,1.23,1.25,1.35,1.37,1.48,1.51,1.66,1.70
12/18/2017,1.23,1.25,1.36,1.38,1.48,1.51,1.65,1.69
12/15/2017,1.22,1.24,1.29,1.31,1.45,1.48,1.66,1.70
12/14/2017,1.19,1.21,1.30,1.32,1.45,1.48,1.65,1.69
12/13/2017,1.20,1.22,1.28,1.30,1.44,1.47,1.63,1.67
12/12/2017,1.24,1.26,1.32,1.34,1.46,1.49,1.65,1.69
12/11/2017,1.14,1.16,1.31,1.33,1.44,1.47,1.64,1.68
12/08/2017,1.11,1.13,1.26,1.28,1.42,1.45,1.61,1.65
12/07/2017,1.14,1.16,1.27,1.29,1.44,1.47,1.63,1.67
12/06/2017,1.16,1.18,1.28,1.30,1.45,1.48,1.64,1.68
12/05/2017,1.19,1.21,1.28,1.30,1.45,1.48,1.60,1.64
12/04/2017,1.13,1.15,1.28,1.30,1.42,1.45,1.61,1.65
12/01/2017,1.11,1.13,1.25,1.27,1.42,1.45,1.57,1.61
11/30/2017,1.12,1.14,1.25,1.27,1.41,1.44,1.57,1.61
11/29/2017,1.15,1.17,1.27,1.29,1.42,1.45,1.56,1.60
11/28/2017,1.14,1.16,1.28,1.30,1.43,1.46,1.56,1.60
11/27/2017,1.12,1.14,1.25,1.27,1.39,1.42,1.57,1.61
11/24/2017,1.12,1.14,1.26,1.28,1.42,1.45,1.56,1.60
11/22/2017,1.14,1.16,1.27,1.29,1.42,1.45,1.56,1.60
11/21/2017,1.13,1.15,1.28,1.30,1.42,1.45,1.57,1.61
11/20/2017,1.05,1.07,1.28,1.30,1.43,1.46,1.57,1.61
11/17/2017,1.05,1.07,1.26,1.28,1.39,1.42,1.56,1.60
11/16/2017,1.06,1.08,1.25,1.27,1.39,1.42,1.55,1.59
11/15/2017,1.06,1.08,1.23,1.25,1.36,1.39,1.51,1.55
11/14/2017,1.04,1.06,1.24,1.26,1.37,1.40,1.51,1.55
11/13/2017,1.04,1.06,1.22,1.24,1.35,1.38,1.51,1.55
11/10/2017,1.03,1.05,1.21,1.23,1.34,1.37,1.50,1.54
11/09/2017,1.05,1.07,1.22,1.24,1.33,1.36,1.49,1.53
11/08/2017,1.03,1.05,1.21,1.23,1.32,1.35,1.49,1.53
11/07/2017,1.03,1.05,1.20,1.22,1.31,1.34,1.45,1.49
11/06/2017,1.00,1.01,1.17,1.19,1.28,1.31,1.45,1.49
11/03/2017,1.00,1.01,1.16,1.18,1.28,1.31,1.44,1.48
11/02/2017,1.00,1.01,1.15,1.17,1.27,1.30,1.41,1.44
11/01/2017,1.04,1.06,1.16,1.18,1.28,1.31,1.42,1.45
10/31/2017,0.98,0.99,1.13,1.15,1.26,1.29,1.39,1.42
10/30/2017,0.94,0.95,1.10,1.12,1.22,1.24,1.38,1.41
10/27/2017,0.96,0.97,1.08,1.10,1.25,1.28,1.38,1.41
10/26/2017,0.97,0.98,1.09,1.11,1.26,1.29,1.39,1.42
10/25/2017,0.99,1.00,1.10,1.12,1.25,1.28,1.39,1.42
10/24/2017,0.99,1.00,1.10,1.12,1.25,1.28,1.39,1.42
10/23/2017,0.98,0.99,1.08,1.10,1.23,1.25,1.38,1.41
10/20/2017,0.97,0.98,1.09,1.11,1.24,1.26,1.39,1.42
10/19/2017,0.97,0.98,1.08,1.10,1.23,1.25,1.37,1.40
10/18/2017,0.97,0.98,1.07,1.09,1.22,1.24,1.38,1.41
10/17/2017,0.97,0.98,1.07,1.09,1.23,1.25,1.37,1.40
10/16/2017,0.94,0.95,1.09,1.11,1.22,1.24,1.38,1.41
10/13/2017,0.95,0.96,1.07,1.09,1.23,1.25,1.36,1.39
10/12/2017,0.97,0.98,1.07,1.09,1.24,1.27,1.38,1.41
10/11/2017,1.02,1.03,1.08,1.10,1.23,1.25,1.37,1.40
10/10/2017,1.02,1.03,1.06,1.08,1.24,1.27,1.39,1.42
10/06/2017,1.01,1.02,1.05,1.07,1.20,1.22,1.31,1.34
10/05/2017,1.00,1.01,1.05,1.07,1.19,1.21,1.31,1.34
10/04/2017,0.98,0.99,1.06,1.08,1.19,1.21,1.29,1.32
10/03/2017,0.99,1.00,1.05,1.07,1.19,1.21,1.28,1.31
10/02/2017,0.93,0.94,1.00,1.02,1.20,1.22,1.27,1.30
09/29/2017,0.94,0.95,1.04,1.06,1.18,1.20,1.27,1.30
09/28/2017,0.95,0.96,1.04,1.06,1.16,1.18,1.27,1.30
09/27/2017,0.97,0.98,1.05,1.07,1.18,1.20,1.29,1.32
09/26/2017,0.95,0.96,1.05,1.07,1.17,1.19,1.28,1.31
09/25/2017,0.95,0.96,1.04,1.06,1.17,1.19,1.27,1.30
09/22/2017,0.95,0.96,1.01,1.03,1.17,1.19,1.27,1.30
09/21/2017,0.97,0.98,1.02,1.04,1.17,1.19,1.28,1.31
09/20/2017,0.97,0.98,1.02,1.04,1.18,1.20,1.29,1.32
09/19/2017,0.96,0.97,1.03,1.05,1.17,1.19,1.28,1.31
09/18/2017,0.94,0.95,1.04,1.06,1.16,1.18,1.27,1.30
09/15/2017,0.96,0.97,1.03,1.05,1.15,1.17,1.27,1.30
09/14/2017,0.97,0.98,1.03,1.05,1.15,1.17,1.25,1.28
09/13/2017,0.98,0.99,1.02,1.04,1.14,1.16,1.24,1.27
09/12/2017,0.98,0.99,1.02,1.04,1.14,1.16,1.24,1.27
09/11/2017,0.95,0.96,1.04,1.06,1.14,1.16,1.21,1.24
09/08/2017,0.94,0.95,1.02,1.04,1.12,1.14,1.19,1.22
09/07/2017,0.96,0.97,1.03,1.05,1.13,1.15,1.18,1.21
09/06/2017,1.02,1.03,1.05,1.07,1.15,1.17,1.21,1.24
09/05/2017,1.28,1.30,1.01,1.03,1.11,1.13,1.20,1.23
09/01/2017,0.94,0.95,1.00,1.02,1.08,1.10,1.21,1.24
08/31/2017,0.93,0.94,0.99,1.01,1.06,1.08,1.20,1.23
08/30/2017,0.94,0.95,1.01,1.03,1.09,1.11,1.20,1.23
08/29/2017,0.95,0.96,1.01,1.03,1.11,1.13,1.20,1.23
08/28/2017,0.98,0.99,0.97,0.99,1.10,1.12,1.21,1.24
08/25/2017,0.97,0.98,1.01,1.03,1.09,1.11,1.20,1.23
08/24/2017,0.97,0.98,1.00,1.02,1.09,1.11,1.20,1.23
08/23/2017,0.97,0.98,0.98,1.00,1.09,1.11,1.19,1.22
08/22/2017,0.92,0.93,0.99,1.01,1.11,1.13,1.21,1.24
08/21/2017,0.93,0.94,0.99,1.01,1.09,1.11,1.20,1.23
08/18/2017,0.95,0.96,1.00,1.02,1.11,1.13,1.21,1.24
08/17/2017,0.94,0.95,0.98,1.00,1.09,1.11,1.21,1.24
08/16/2017,0.95,0.96,1.00,1.02,1.11,1.13,1.21,1.24
08/15/2017,0.96,0.97,1.02,1.04,1.14,1.16,1.20,1.23
08/14/2017,0.93,0.94,1.01,1.03,1.11,1.13,1.19,1.22
08/11/2017,0.98,0.99,1.01,1.03,1.12,1.14,1.18,1.21
08/10/2017,1.00,1.01,1.03,1.05,1.12,1.14,1.19,1.22
08/09/2017,0.99,1.00,1.04,1.06,1.13,1.15,1.18,1.21
08/08/2017,0.98,0.99,1.04,1.06,1.14,1.16,1.21,1.24
08/07/2017,0.97,0.98,1.01,1.03,1.12,1.14,1.19,1.22
08/04/2017,0.98,0.99,1.06,1.08,1.12,1.14,1.20,1.23
08/03/2017,0.98,0.99,1.06,1.08,1.11,1.13,1.19,1.22
08/02/2017,1.00,1.01,1.06,1.08,1.13,1.15,1.21,1.24
08/01/2017,0.98,0.99,1.06,1.08,1.13,1.15,1.19,1.22
07/31/2017,0.98,0.99,1.05,1.07,1.11,1.13,1.20,1.23
07/28/2017,0.98,0.99,1.06,1.08,1.11,1.13,1.19,1.22
07/27/2017,0.99,1.00,1.09,1.11,1.11,1.13,1.19,1.22
07/26/2017,1.00,1.01,1.11,1.13,1.12,1.14,1.20,1.23
07/25/2017,0.94,0.95,1.16,1.18,1.13,1.15,1.21,1.24
07/24/2017,0.96,0.97,1.15,1.17,1.10,1.12,1.20,1.23
07/21/2017,0.97,0.98,1.14,1.16,1.08,1.10,1.19,1.22
07/20/2017,0.97,0.98,1.13,1.15,1.10,1.12,1.19,1.22
07/19/2017,0.97,0.98,1.09,1.11,1.10,1.12,1.20,1.23
07/18/2017,0.93,0.94,1.05,1.07,1.09,1.11,1.16,1.19
07/17/2017,0.92,0.93,1.05,1.07,1.08,1.10,1.18,1.21
07/14/2017,0.91,0.92,1.02,1.04,1.10,1.12,1.18,1.21
07/13/2017,0.93,0.94,1.03,1.05,1.12,1.14,1.19,1.22
07/12/2017,0.92,0.93,1.03,1.05,1.11,1.13,1.18,1.21
07/11/2017,0.95,0.96,1.03,1.05,1.12,1.14,1.17,1.20
07/10/2017,0.92,0.93,1.03,1.05,1.11,1.13,1.19,1.22
07/07/2017,0.92,0.93,1.03,1.05,1.12,1.14,1.19,1.22
07/06/2017,0.93,0.94,1.02,1.04,1.12,1.14,1.20,1.23
07/05/2017,0.95,0.96,1.03,1.05,1.13,1.15,1.21,1.24
07/03/2017,0.95,0.96,1.04,1.06,1.11,1.13,1.21,1.24
06/30/2017,0.82,0.83,1.01,1.03,1.12,1.14,1.21,1.24
06/29/2017,0.86,0.87,1.02,1.04,1.12,1.14,1.20,1.23
06/28/2017,0.87,0.88,1.00,1.02,1.10,1.12,1.18,1.21
06/27/2017,0.88,0.89,0.99,1.01,1.11,1.13,1.19,1.22
06/26/2017,0.77,0.78,0.98,1.00,1.08,1.10,1.17,1.20
06/23/2017,0.74,0.75,0.95,0.97,1.08,1.10,1.18,1.21
06/22/2017,0.78,0.79,0.94,0.96,1.08,1.10,1.19,1.22
06/21/2017,0.84,0.85,0.97,0.99,1.10,1.12,1.19,1.22
06/20/2017,0.87,0.88,1.00,1.02,1.12,1.14,1.19,1.22
06/19/2017,0.82,0.83,1.01,1.03,1.11,1.13,1.18,1.21
06/16/2017,0.83,0.84,1.01,1.03,1.11,1.13,1.18,1.21
06/15/2017,0.84,0.85,1.00,1.02,1.11,1.13,1.18,1.21
06/14/2017,0.89,0.90,0.99,1.01,1.10,1.12,1.17,1.20
06/13/2017,0.88,0.89,0.99,1.01,1.10,1.12,1.18,1.21
06/12/2017,0.79,0.80,0.97,0.99,1.07,1.09,1.16,1.19
06/09/2017,0.78,0.79,0.99,1.01,1.11,1.13,1.17,1.20
06/08/2017,0.78,0.79,0.99,1.01,1.09,1.11,1.16,1.19
06/07/2017,0.82,0.83,0.98,1.00,1.07,1.09,1.14,1.17
06/06/2017,0.82,0.83,0.96,0.98,1.06,1.08,1.13,1.16
06/05/2017,0.80,0.81,0.95,0.97,1.04,1.06,1.13,1.16
06/02/2017,0.80,0.81,0.96,0.98,1.04,1.06,1.13,1.16
06/01/2017,0.80,0.81,0.96,0.98,1.05,1.07,1.13,1.16
05/31/2017,0.85,0.86,0.96,0.98,1.06,1.08,1.14,1.17
05/30/2017,0.76,0.77,0.92,0.93,1.05,1.07,1.13,1.16
05/26/2017,0.72,0.73,0.92,0.93,1.06,1.08,1.14,1.17
05/25/2017,0.70,0.71,0.92,0.93,1.06,1.08,1.13,1.16
05/24/2017,0.74,0.75,0.92,0.93,1.05,1.07,1.15,1.18
05/23/2017,0.75,0.76,0.91,0.92,1.06,1.08,1.12,1.15
05/22/2017,0.66,0.67,0.92,0.93,1.03,1.05,1.08,1.10
05/19/2017,0.68,0.69,0.90,0.91,1.01,1.03,1.07,1.09
05/18/2017,0.71,0.72,0.91,0.92,1.00,1.02,1.06,1.08
05/17/2017,0.70,0.71,0.89,0.90,0.98,1.00,1.05,1.07
05/16/2017,0.71,0.72,0.89,0.90,1.02,1.04,1.08,1.10
05/15/2017,0.69,0.70,0.89,0.90,1.00,1.02,1.08,1.10
05/12/2017,0.66,0.67,0.86,0.87,1.01,1.03,1.08,1.10
05/11/2017,0.66,0.67,0.87,0.88,1.02,1.04,1.10,1.12
05/10/2017,0.69,0.70,0.89,0.90,1.02,1.04,1.10,1.12
05/09/2017,0.73,0.74,0.90,0.91,1.02,1.04,1.11,1.13
05/08/2017,0.69,0.70,0.90,0.91,1.00,1.02,1.09,1.11
05/05/2017,0.68,0.69,0.88,0.89,0.99,1.01,1.07,1.09
05/04/2017,0.69,0.70,0.84,0.85,0.98,1.00,1.08,1.10
05/03/2017,0.72,0.73,0.84,0.85,0.98,1.00,1.07,1.09
05/02/2017,0.71,0.72,0.81,0.82,0.97,0.99,1.05,1.07
05/01/2017,0.64,0.65,0.82,0.83,0.96,0.98,1.06,1.08
04/28/2017,0.66,0.67,0.79,0.80,0.97,0.99,1.05,1.07
04/27/2017,0.69,0.70,0.80,0.81,0.96,0.98,1.04,1.06
04/26/2017,0.73,0.74,0.82,0.83,0.97,0.99,1.05,1.07
04/25/2017,0.72,0.73,0.81,0.82,0.96,0.98,1.07,1.09
04/24/2017,0.72,0.73,0.80,0.81,0.94,0.96,0.99,1.01
04/21/2017,0.71,0.72,0.78,0.79,0.90,0.92,0.96,0.98
04/20/2017,0.72,0.73,0.78,0.79,0.91,0.93,0.98,1.00
04/19/2017,0.74,0.75,0.80,0.81,0.92,0.94,0.99,1.01
04/18/2017,0.75,0.76,0.81,0.82,0.92,0.94,0.99,1.01
04/17/2017,0.74,0.75,0.82,0.83,0.92,0.94,1.01,1.03
04/13/2017,0.75,0.76,0.80,0.81,0.92,0.94,1.00,1.02
04/12/2017,0.76,0.77,0.80,0.81,0.93,0.95,1.01,1.03
04/11/2017,0.73,0.74,0.81,0.82,0.92,0.94,1.02,1.04
04/10/2017,0.76,0.77,0.81,0.82,0.95,0.97,1.04,1.06
04/07/2017,0.76,0.77,0.81,0.82,0.93,0.95,1.05,1.07
04/06/2017,0.77,0.78,0.78,0.79,0.92,0.94,1.02,1.04
04/05/2017,0.76,0.77,0.79,0.80,0.91,0.93,1.00,1.02
04/04/2017,0.76,0.77,0.78,0.79,0.90,0.92,1.00,1.02
04/03/2017,0.71,0.72,0.78,0.79,0.90,0.92,1.00,1.02
03/31/2017,0.73,0.74,0.75,0.76,0.89,0.91,1.01,1.03
03/30/2017,0.74,0.75,0.77,0.78,0.89,0.91,1.01,1.03
03/29/2017,0.75,0.76,0.77,0.78,0.90,0.92,1.02,1.04
03/28/2017,0.74,0.75,0.77,0.78,0.90,0.92,1.01,1.03
03/27/2017,0.72,0.73,0.77,0.78,0.89,0.91,0.96,0.98
03/24/2017,0.72,0.73,0.77,0.78,0.87,0.89,0.96,0.98
03/23/2017,0.72,0.73,0.75,0.76,0.88,0.90,0.95,0.97
03/22/2017,0.73,0.74,0.76,0.77,0.88,0.90,0.95,0.97
03/21/2017,0.75,0.76,0.76,0.77,0.89,0.91,0.97,0.99
03/20/2017,0.68,0.69,0.75,0.76,0.87,0.89,0.97,0.99
03/17/2017,0.70,0.71,0.72,0.73,0.85,0.87,0.97,0.99
03/16/2017,0.67,0.68,0.72,0.73,0.87,0.89,0.98,1.00
03/15/2017,0.70,0.71,0.72,0.73,0.87,0.89,0.99,1.01
03/14/2017,0.76,0.77,0.77,0.78,0.91,0.93,1.03,1.05
03/13/2017,0.67,0.68,0.78,0.79,0.91,0.93,1.03,1.05
03/10/2017,0.58,0.59,0.73,0.74,0.87,0.89,1.00,1.02
03/09/2017,0.48,0.49,0.72,0.73,0.86,0.88,1.01,1.03
03/08/2017,0.52,0.53,0.72,0.73,0.84,0.86,1.00,1.02
03/07/2017,0.54,0.55,0.75,0.76,0.85,0.87,0.99,1.01
03/06/2017,0.53,0.54,0.73,0.74,0.82,0.83,0.95,0.97
03/03/2017,0.54,0.55,0.70,0.71,0.82,0.83,0.96,0.98
03/02/2017,0.50,0.51,0.66,0.67,0.82,0.83,0.96,0.98
03/01/2017,0.45,0.46,0.62,0.63,0.78,0.79,0.90,0.92
02/28/2017,0.39,0.40,0.53,0.54,0.68,0.69,0.86,0.88
02/27/2017,0.43,0.44,0.50,0.51,0.67,0.68,0.77,0.78
02/24/2017,0.39,0.40,0.51,0.52,0.64,0.65,0.77,0.78
02/23/2017,0.38,0.39,0.51,0.52,0.65,0.66,0.77,0.79
02/22/2017,0.46,0.47,0.52,0.53,0.67,0.68,0.78,0.80
02/21/2017,0.48,0.49,0.53,0.54,0.68,0.69,0.79,0.81
02/17/2017,0.49,0.50,0.52,0.53,0.65,0.66,0.79,0.81
02/16/2017,0.50,0.51,0.52,0.53,0.65,0.66,0.79,0.81
02/15/2017,0.52,0.53,0.53,0.54,0.66,0.67,0.83,0.85
02/14/2017,0.50,0.51,0.54,0.55,0.65,0.66,0.81,0.83
02/13/2017,0.49,0.50,0.52,0.53,0.62,0.63,0.79,0.81
02/10/2017,0.50,0.51,0.54,0.55,0.63,0.64,0.79,0.81
02/09/2017,0.50,0.51,0.53,0.54,0.63,0.64,0.78,0.80
02/08/2017,0.51,0.52,0.53,0.54,0.62,0.63,0.77,0.79
02/07/2017,0.50,0.51,0.53,0.54,0.62,0.63,0.78,0.80
02/06/2017,0.47,0.48,0.53,0.54,0.61,0.62,0.77,0.79
02/03/2017,0.48,0.49,0.50,0.51,0.62,0.63,0.80,0.82
02/02/2017,0.49,0.50,0.51,0.52,0.63,0.64,0.82,0.84
02/01/2017,0.49,0.50,0.50,0.51,0.64,0.65,0.81,0.83
01/31/2017,0.49,0.50,0.52,0.53,0.63,0.64,0.82,0.84
01/30/2017,0.48,0.49,0.51,0.52,0.62,0.63,0.77,0.78
01/27/2017,0.48,0.49,0.51,0.52,0.62,0.63,0.78,0.80
01/26/2017,0.48,0.49,0.50,0.51,0.61,0.62,0.78,0.80
01/25/2017,0.47,0.48,0.49,0.50,0.60,0.61,0.78,0.80
01/24/2017,0.49,0.50,0.50,0.51,0.61,0.62,0.77,0.79
01/23/2017,0.45,0.46,0.51,0.52,0.58,0.59,0.76,0.77
01/20/2017,0.45,0.46,0.49,0.50,0.61,0.62,0.79,0.81
01/19/2017,0.46,0.47,0.51,0.52,0.61,0.62,0.80,0.82
01/18/2017,0.47,0.48,0.52,0.53,0.62,0.63,0.79,0.81
01/17/2017,0.51,0.52,0.54,0.55,0.61,0.62,0.77,0.79
01/13/2017,0.51,0.52,0.52,0.53,0.60,0.61,0.79,0.81
01/12/2017,0.51,0.52,0.51,0.52,0.58,0.59,0.79,0.81
01/11/2017,0.50,0.51,0.51,0.52,0.59,0.60,0.80,0.82
01/10/2017,0.50,0.51,0.51,0.52,0.59,0.60,0.80,0.82
01/09/2017,0.49,0.50,0.50,0.51,0.59,0.60,0.80,0.82
01/06/2017,0.49,0.50,0.52,0.53,0.60,0.61,0.83,0.85
01/05/2017,0.50,0.51,0.51,0.52,0.61,0.62,0.81,0.83
01/04/2017,0.48,0.49,0.52,0.53,0.62,0.63,0.85,0.87
01/03/2017,0.51,0.52,0.53,0.54,0.64,0.65,0.87,0.89
